index,Iframe,domain,filename
0,"<iframe frameborder=""0"" height=""100%"" src=""http://err.hc.ru/missing/"" width=""100%""></iframe>",http://sdiv.su/cgi-sys/defaultwebpage.cgi,/mnt/eznfs1/scrap_data_22_bot3/12/Win7_32_IE8_12_2665_20170729_010156/html_200_20170729_010156.txt
0,"<iframe src=""http://milbiz-clab.ru/79vJgw2""></iframe>",http://babysafelock.su,/mnt/eznfs1/scrap_data_22_bot3/12/Win7_32_IE8_12_7011_20170729_013349/html_200_20170729_013349.txt
0,"<iframe frameborder=""0"" height=""100%"" src=""http://err.hc.ru/missing/"" width=""100%""></iframe>",http://newpost.su/cgi-sys/defaultwebpage.cgi,/mnt/eznfs1/scrap_data_22_bot3/12/Win7_32_IE8_12_4170_20170729_013350/html_200_20170729_013350.txt
0,"<iframe frameborder=""0"" height=""100%"" src=""http://err.hc.ru/missing/"" width=""100%""></iframe>",http://audi-khabarovsk.su/cgi-sys/defaultwebpage.cgi,/mnt/eznfs1/scrap_data_22_bot3/12/Win7_32_IE8_12_7498_20170729_013948/html_200_20170729_013948.txt
0,"<iframe frameborder=""0"" height=""100%"" src=""http://err.hc.ru/missing/"" width=""100%""></iframe>",http://clgr.su/cgi-sys/defaultwebpage.cgi,/mnt/eznfs1/scrap_data_22_bot3/12/Win7_32_IE8_12_9829_20170729_014220/html_200_20170729_014220.txt
0,"<iframe frameborder=""0"" height=""100%"" src=""http://err.hc.ru/new/"" width=""100%""></iframe>",http://smaga.su,/mnt/eznfs1/scrap_data_22_bot3/12/Win7_32_IE8_12_5029_20170729_014527/html_200_20170729_014527.txt
0,"<iframe frameborder=""0"" height=""100%"" src=""http://err.hc.ru/missing/"" width=""100%""></iframe>",http://overlive.su/cgi-sys/defaultwebpage.cgi,/mnt/eznfs1/scrap_data_22_bot3/12/Win7_32_IE8_12_2231_20170729_015655/html_200_20170729_015655.txt
0,"<iframe frameborder=""0"" height=""100%"" src=""http://err.hc.ru/missing/"" width=""100%""></iframe>",http://audi-primorskiy.su/cgi-sys/defaultwebpage.cgi,/mnt/eznfs1/scrap_data_22_bot3/12/Win7_32_IE8_12_1367_20170729_015839/html_200_20170729_015839.txt
0,"<iframe frameborder=""0"" height=""100%"" src=""http://err.hc.ru/missing/"" width=""100%""></iframe>",http://glesox.su/cgi-sys/defaultwebpage.cgi,/mnt/eznfs1/scrap_data_22_bot3/12/Win7_32_IE8_12_6876_20170729_020408/html_200_20170729_020408.txt
0,"<iframe frameborder=""0"" height=""100%"" src=""http://err.hc.ru/missing/"" width=""100%""></iframe>",http://perfomans.su/cgi-sys/defaultwebpage.cgi,/mnt/eznfs1/scrap_data_22_bot3/12/Win7_32_IE8_12_4925_20170729_020853/html_200_20170729_020853.txt
0,"<iframe frameborder=""0"" height=""100%"" src=""http://err.hc.ru/missing/"" width=""100%""></iframe>",http://audi-astrakhan.su/cgi-sys/defaultwebpage.cgi,/mnt/eznfs1/scrap_data_22_bot3/12/Win7_32_IE8_12_8542_20170729_022927/html_200_20170729_022927.txt
0,"<iframe frameborder=""0"" height=""100%"" src=""http://err.hc.ru/missing/"" width=""100%""></iframe>",http://sbig.su/cgi-sys/defaultwebpage.cgi,/mnt/eznfs1/scrap_data_22_bot3/12/Win7_32_IE8_12_1127_20170729_023514/html_200_20170729_023514.txt
0,"<iframe border=""0"" height=""100%"" src=""http://superdiski.info/beztabletok/VIG2014"" width=""100%""></iframe>",http://yourhealer.su,/mnt/eznfs1/scrap_data_22_bot3/12/Win7_32_IE8_12_5525_20170729_024103/html_200_20170729_024103.txt
0,"<iframe frameborder=""0"" height=""100%"" src=""http://err.hc.ru/missing/"" width=""100%""></iframe>",http://xn----7sbghedaxvekfjjba8ajdu0c.su/cgi-sys/defaultwebpage.cgi,/mnt/eznfs1/scrap_data_22_bot3/12/Win7_32_IE8_12_170_20170729_025717/html_200_20170729_025717.txt
0,"<iframe frameborder=""0"" height=""100%"" src=""http://err.hc.ru/missing/"" width=""100%""></iframe>",http://audi-ivanovo.su/cgi-sys/defaultwebpage.cgi,/mnt/eznfs1/scrap_data_22_bot3/12/Win7_32_IE8_12_2538_20170729_032412/html_200_20170729_032412.txt
0,"<iframe frameborder=""0"" height=""100%"" src=""http://err.hc.ru/missing/"" width=""100%""></iframe>",http://krpa.su,/mnt/eznfs1/scrap_data_22_bot3/12/Win7_32_IE8_12_7522_20170729_033627/html_200_20170729_033627.txt
0,"<iframe frameborder=""0"" height=""100%"" src=""http://err.hc.ru/missing/"" width=""100%""></iframe>",http://xn--80ahc.su/cgi-sys/defaultwebpage.cgi,/mnt/eznfs1/scrap_data_22_bot3/12/Win7_32_IE8_12_1707_20170729_042735/html_200_20170729_042735.txt
0,"<iframe frameborder=""0"" height=""100%"" src=""http://err.hc.ru/locked/"" width=""100%""></iframe>",http://tserv.su/cgi-sys/suspendedpage.cgi,/mnt/eznfs1/scrap_data_22_bot3/12/Win7_32_IE8_12_9549_20170729_043755/html_200_20170729_043755.txt
0,"<iframe frameborder=""0"" height=""100%"" src=""http://err.hc.ru/missing/"" width=""100%""></iframe>",http://nomer8.su/cgi-sys/defaultwebpage.cgi,/mnt/eznfs1/scrap_data_22_bot3/12/Win7_32_IE8_12_6776_20170729_044657/html_200_20170729_044657.txt
0,"<iframe src=""http://chihrib.ru""></iframe>",http://hitblogs.su,/mnt/eznfs1/scrap_data_22_bot3/12/Win7_32_IE8_12_1415_20170729_045850/html_200_20170729_045850.txt
0,"<iframe src=""http://promodj.com/list"" style=""border: 0; width: 100%; height: 100%""><a href=""http://promodj.com/list"">ÌçÌÊÌ_ÌÂÌ¬Ì_Ì´ Ì_Ì_Ì´Ì±Ì_</a></iframe>",http://djlist.su,/mnt/eznfs1/scrap_data_22_bot3/12/Win7_32_IE8_12_7109_20170729_053044/html_200_20170729_053044.txt
0,"<iframe frameborder=""0"" height=""100%"" src=""http://err.hc.ru/locked/"" width=""100%""></iframe>",http://procrastination.su/cgi-sys/suspendedpage.cgi,/mnt/eznfs1/scrap_data_22_bot3/12/Win7_32_IE8_12_1479_20170729_053311/html_200_20170729_053311.txt
0,"<iframe frameborder=""0"" height=""100%"" src=""http://err.hc.ru/missing/"" width=""100%""></iframe>",http://audi-primorsky.su/cgi-sys/defaultwebpage.cgi,/mnt/eznfs1/scrap_data_22_bot3/12/Win7_32_IE8_12_6455_20170729_054145/html_200_20170729_054145.txt
0,"<iframe frameborder=""0"" id=""iframe"" src=""http://findbetterresults.com/?dn=nespresso.su&amp;pid=9PO755G95""></iframe>",http://nespresso.su,/mnt/eznfs1/scrap_data_22_bot3/12/Win7_32_IE8_12_2807_20170729_060233/html_200_20170729_060233.txt
0,"<iframe frameborder=""0"" height=""100%"" src=""http://err.hc.ru/missing/"" width=""100%""></iframe>",http://audi-novokuznetsk.su/cgi-sys/defaultwebpage.cgi,/mnt/eznfs1/scrap_data_22_bot3/12/Win7_32_IE8_12_2205_20170729_060407/html_200_20170729_060407.txt
0,"<iframe frameborder=""0"" height=""100%"" src=""http://err.hc.ru/missing/"" width=""100%""></iframe>",http://cybershop.su/cgi-sys/defaultwebpage.cgi,/mnt/eznfs1/scrap_data_22_bot3/12/Win7_32_IE8_12_7452_20170729_064305/html_200_20170729_064306.txt
0,"<iframe frameborder=""0"" height=""100%"" src=""http://err.hc.ru/missing/"" width=""100%""></iframe>",http://vodoleytula.su/cgi-sys/defaultwebpage.cgi,/mnt/eznfs1/scrap_data_22_bot3/12/Win7_32_IE8_12_6067_20170729_070446/html_200_20170729_070446.txt
0,"<iframe frameborder=""0"" height=""100%"" src=""http://err.hc.ru/missing/"" width=""100%""></iframe>",http://vallox.su/cgi-sys/defaultwebpage.cgi,/mnt/eznfs1/scrap_data_22_bot3/12/Win7_32_IE8_12_9279_20170729_071712/html_200_20170729_071712.txt
0,"<iframe frameborder=""0"" height=""100%"" src=""http://err.hc.ru/locked/"" width=""100%""></iframe>",http://tyga.su/cgi-sys/suspendedpage.cgi,/mnt/eznfs1/scrap_data_22_bot3/12/Win7_32_IE8_12_1979_20170729_072141/html_200_20170729_072141.txt
0,"<iframe frameborder=""0"" height=""100%"" src=""http://err.hc.ru/missing/"" width=""100%""></iframe>",http://audi-cherepovets.su/cgi-sys/defaultwebpage.cgi,/mnt/eznfs1/scrap_data_22_bot3/12/Win7_32_IE8_12_8485_20170729_072340/html_200_20170729_072340.txt
0,"<iframe frameborder=""0"" height=""100%"" src=""http://err.hc.ru/missing/"" width=""100%""></iframe>",http://amuragro.su/cgi-sys/defaultwebpage.cgi,/mnt/eznfs1/scrap_data_22_bot3/12/Win7_32_IE8_12_3914_20170729_073059/html_200_20170729_073059.txt
0,"<iframe frameborder=""0"" height=""100%"" src=""http://err.hc.ru/missing/"" width=""100%""></iframe>",http://mediaexpert.su/cgi-sys/defaultwebpage.cgi,/mnt/eznfs1/scrap_data_22_bot3/12/Win7_32_IE8_12_2964_20170729_073108/html_200_20170729_073108.txt
0,"<iframe frameborder=""0"" height=""100%"" src=""http://err.hc.ru/missing/"" width=""100%""></iframe>",http://hatsan.su/cgi-sys/defaultwebpage.cgi,/mnt/eznfs1/scrap_data_22_bot3/12/Win7_32_IE8_12_7402_20170729_073612/html_200_20170729_073612.txt
0,"<iframe frameborder=""0"" height=""100%"" src=""http://err.hc.ru/missing/"" width=""100%""></iframe>",http://egeist.su/cgi-sys/defaultwebpage.cgi,/mnt/eznfs1/scrap_data_22_bot3/12/Win7_32_IE8_12_1096_20170729_080410/html_200_20170729_080410.txt
0,"<iframe frameborder=""0"" height=""100%"" src=""http://err.hc.ru/missing/"" width=""100%""></iframe>",http://evro-partner.su/cgi-sys/defaultwebpage.cgi,/mnt/eznfs1/scrap_data_22_bot3/12/Win7_32_IE8_12_1347_20170729_083745/html_200_20170729_083745.txt
0,"<iframe frameborder=""0"" height=""100%"" src=""http://err.hc.ru/missing/"" width=""100%""></iframe>",http://internet-casino.su/cgi-sys/defaultwebpage.cgi,/mnt/eznfs1/scrap_data_22_bot3/12/Win7_32_IE8_12_6386_20170729_085811/html_200_20170729_085811.txt
0,"<iframe frameborder=""0"" height=""100%"" src=""http://err.hc.ru/missing/"" width=""100%""></iframe>",http://audi-kaluga.su/cgi-sys/defaultwebpage.cgi,/mnt/eznfs1/scrap_data_22_bot3/12/Win7_32_IE8_12_6099_20170729_092802/html_200_20170729_092802.txt
0,"<iframe frameborder=""0"" height=""100%"" src=""http://err.hc.ru/missing/"" width=""100%""></iframe>",http://audi-habarovsk.su/cgi-sys/defaultwebpage.cgi,/mnt/eznfs1/scrap_data_22_bot3/12/Win7_32_IE8_12_1344_20170729_093223/html_200_20170729_093223.txt
0,"<iframe frameborder=""0"" height=""100%"" src=""http://err.hc.ru/missing/"" width=""100%""></iframe>",http://verniikonu.su/cgi-sys/defaultwebpage.cgi,/mnt/eznfs1/scrap_data_22_bot3/12/Win7_32_IE8_12_6997_20170729_101052/html_200_20170729_101052.txt
0,"<iframe frameborder=""0"" height=""100%"" src=""http://err.hc.ru/missing/"" width=""100%""></iframe>",http://c-market.su/cgi-sys/defaultwebpage.cgi,/mnt/eznfs1/scrap_data_22_bot3/12/Win7_32_IE8_12_8268_20170729_104148/html_200_20170729_104148.txt
0,"<iframe frameborder=""0"" height=""100%"" src=""http://err.hc.ru/missing/"" width=""100%""></iframe>",http://goodlook.su/cgi-sys/defaultwebpage.cgi,/mnt/eznfs1/scrap_data_22_bot3/12/Win7_32_IE8_12_477_20170729_104356/html_200_20170729_104356.txt
0,"<iframe frameborder=""0"" height=""100%"" src=""http://land.lptracker.ru/?ref=28365&amp;ip=209.249.157.102user_agent=Mozilla%2F5.0+%28compatible%3B+MSIE+8.0%3B+Windows+NT+6.1%3B+Trident%2F4.0%3B+GTB7.4%3B+InfoPath.2%3B+SV1%3B+.NET+CLR+3.3.69573%3B+WOW64%3B+en-US%29&amp;utm_source=&amp;utm_campaign=&amp;utm_term=&amp;utm_content=&amp;referer="" style=""padding:0px; margin:0px;"" width=""100%""></iframe>",http://call-tracking.su,/mnt/eznfs1/scrap_data_22_bot3/12/Win7_32_IE8_12_4158_20170729_105939/html_200_20170729_105939.txt
0,"<iframe allowtransparency=""true"" frameborder=""0"" scrolling=""no"" src=""//widget.stapico.ru/?q=kvmetr.su&amp;s=100&amp;w=2&amp;h=3&amp;b=1&amp;p=5&amp;title=kvmetr.su&amp;effect=0"" style=""border:none;overflow:hidden;width:250px; height: 490px""></iframe>",http://kvmetr.su,/mnt/eznfs1/scrap_data_22_bot3/12/Win7_32_IE8_12_9227_20170729_110251/html_200_20170729_110251.txt
0,"<iframe frameborder=""0"" height=""100%"" src=""http://err.hc.ru/new/"" width=""100%""></iframe>",http://belova.su,/mnt/eznfs1/scrap_data_22_bot3/12/Win7_32_IE8_12_3419_20170729_110343/html_200_20170729_110343.txt
0,"<iframe frameborder=""0"" height=""100%"" src=""http://err.hc.ru/missing/"" width=""100%""></iframe>",http://dobrava.su,/mnt/eznfs1/scrap_data_22_bot3/12/Win7_32_IE8_12_8441_20170729_111824/html_200_20170729_111824.txt
0,"<iframe frameborder=""0"" height=""100%"" src=""http://err.hc.ru/missing/"" width=""100%""></iframe>",http://audi-vladimir.su/cgi-sys/defaultwebpage.cgi,/mnt/eznfs1/scrap_data_22_bot3/12/Win7_32_IE8_12_4922_20170729_113020/html_200_20170729_113020.txt
0,"<iframe frameborder=""0"" height=""100%"" src=""http://land.lptracker.ru/?ref=13368&amp;ip=209.249.157.102user_agent=Mozilla%2F5.0+%28compatible%3B+MSIE+8.0%3B+Windows+NT+6.1%3B+Trident%2F4.0%3B+GTB7.4%3B+InfoPath.2%3B+SV1%3B+.NET+CLR+3.3.69573%3B+WOW64%3B+en-US%29&amp;utm_source=&amp;utm_campaign=&amp;utm_term=&amp;utm_content=&amp;referer="" style=""padding:0px; margin:0px;"" width=""100%""></iframe>",http://crmlptracker.su,/mnt/eznfs1/scrap_data_22_bot3/12/Win7_32_IE8_12_5482_20170729_114105/html_200_20170729_114105.txt
0,"<iframe frameborder=""0"" height=""100%"" src=""http://err.hc.ru/missing/"" width=""100%""></iframe>",http://kstar.su,/mnt/eznfs1/scrap_data_22_bot3/12/Win7_32_IE8_12_5822_20170729_115428/html_200_20170729_115428.txt
0,"<iframe height=""0"" src=""http://www.advantshop.net/appoffline.aspx"" style=""border:none"" width=""0""></iframe>",http://thermobile.su/app_offline.html,/mnt/eznfs1/scrap_data_22_bot3/12/Win7_32_IE8_12_6945_20170729_120820/html_200_20170729_120820.txt
0,"<iframe frameborder=""0"" height=""100%"" src=""http://err.hc.ru/missing/"" width=""100%""></iframe>",http://gadalki.su/cgi-sys/defaultwebpage.cgi,/mnt/eznfs1/scrap_data_22_bot3/12/Win7_32_IE8_12_4288_20170729_124104/html_200_20170729_124104.txt
0,"<iframe height=""1"" src=""https://socialcrm2.ru/?r=&amp;ajax=1&amp;act=click&amp;adv_id=&amp;adv_type=main"" style=""position:absolute; top:-9999px;"" width=""1""></iframe>",http://socialcrm.su,/mnt/eznfs1/scrap_data_22_bot3/12/Win7_32_IE8_12_9514_20170729_124319/html_200_20170729_124319.txt
0,"<iframe frameborder=""0"" id=""iframe"" src=""http://findbetterresults.com/?dn=diman.su&amp;pid=9PO755G95""></iframe>",http://diman.su,/mnt/eznfs1/scrap_data_22_bot3/12/Win7_32_IE8_12_4159_20170729_124651/html_200_20170729_124651.txt
0,"<iframe frameborder=""0"" height=""100%"" src=""http://err.hc.ru/new/"" width=""100%""></iframe>",http://kcs.su,/mnt/eznfs1/scrap_data_22_bot3/12/Win7_32_IE8_12_8031_20170729_132519/html_200_20170729_132519.txt
0,"<iframe frameborder=""0"" height=""100%"" src=""http://err.hc.ru/missing/"" width=""100%""></iframe>",http://seikat.su,/mnt/eznfs1/scrap_data_22_bot3/12/Win7_32_IE8_12_6657_20170729_134707/html_200_20170729_134707.txt
0,"<iframe frameborder=""0"" height=""100%"" src=""http://err.hc.ru/missing/"" width=""100%""></iframe>",http://arenda.su/cgi-sys/defaultwebpage.cgi,/mnt/eznfs1/scrap_data_22_bot3/12/Win7_32_IE8_12_393_20170729_141330/html_200_20170729_141330.txt
0,"<iframe frameborder=""0"" height=""100%"" src=""http://err.hc.ru/new/"" width=""100%""></iframe>",http://purecut.su,/mnt/eznfs1/scrap_data_22_bot3/12/Win7_32_IE8_12_8503_20170729_143506/html_200_20170729_143506.txt
0,"<iframe frameborder=""0"" height=""100%"" src=""http://err.hc.ru/missing/"" width=""100%""></iframe>",http://elset.su/cgi-sys/defaultwebpage.cgi,/mnt/eznfs1/scrap_data_22_bot3/12/Win7_32_IE8_12_3854_20170729_144304/html_200_20170729_144304.txt
0,"<iframe frameborder=""0"" height=""100%"" src=""http://err.hc.ru/missing/"" width=""100%""></iframe>",http://audi-volga.su/cgi-sys/defaultwebpage.cgi,/mnt/eznfs1/scrap_data_22_bot3/12/Win7_32_IE8_12_1704_20170729_145133/html_200_20170729_145133.txt
0,"<iframe frameborder=""0"" height=""190"" src=""http://store.steampowered.com/widget/10/"" width=""646""></iframe>",http://deagle.ru,/mnt/eznfs1/scrap_data_22_bot3/12/Win7_32_IE8_12_4204_20170729_145814/html_200_20170729_145814.txt
0,"<iframe frameborder=""0"" height=""100%"" src=""http://err.hc.ru/new/"" width=""100%""></iframe>",http://avantum.su,/mnt/eznfs1/scrap_data_22_bot3/12/Win7_32_IE8_12_87_20170729_150031/html_200_20170729_150031.txt
0,"<iframe frameborder=""0"" height=""100%"" src=""http://www.44.gostender.su/"" width=""100%"">			ÌêåÕÌêå¡ÌÔåö Ìêå±Ìêå¡ÌÔåÄÌêåáÌêåµÌÔåÛ Ìêå_Ìêåµ ÌêåÀÌêå_Ìêå«Ìêå«ÌêåµÌÔåÛÌêå_ÌêåüÌêå_Ìêå¡ÌêåµÌÔåâ iFrame		</iframe>",http://44-gostender.su,/mnt/eznfs1/scrap_data_22_bot3/12/Win7_32_IE8_12_5154_20170729_151020/html_200_20170729_151020.txt
0,"<iframe frameborder=""0"" height=""100%"" src=""http://err.hc.ru/missing/"" width=""100%""></iframe>",http://funvideo.su,/mnt/eznfs1/scrap_data_22_bot3/12/Win7_32_IE8_12_4425_20170729_151127/html_200_20170729_151127.txt
0,"<iframe frameborder=""0"" height=""100%"" src=""http://err.hc.ru/missing/"" width=""100%""></iframe>",http://el-ma.su/cgi-sys/defaultwebpage.cgi,/mnt/eznfs1/scrap_data_22_bot3/12/Win7_32_IE8_12_9989_20170729_152238/html_200_20170729_152238.txt
0,"<iframe frameborder=""0"" height=""100%"" src=""http://land.lptracker.ru/?ref=28365&amp;ip=209.249.157.102user_agent=Mozilla%2F5.0+%28compatible%3B+MSIE+8.0%3B+Windows+NT+6.1%3B+Trident%2F4.0%3B+GTB7.4%3B+InfoPath.2%3B+SV1%3B+.NET+CLR+3.3.69573%3B+WOW64%3B+en-US%29&amp;utm_source=&amp;utm_campaign=&amp;utm_term=&amp;utm_content=&amp;referer="" style=""padding:0px; margin:0px;"" width=""100%""></iframe>",http://lp-tracker.su,/mnt/eznfs1/scrap_data_22_bot3/12/Win7_32_IE8_12_71_20170729_155537/html_200_20170729_155537.txt
0,"<iframe frameborder=""0"" height=""100%"" src=""http://err.hc.ru/locked/"" width=""100%""></iframe>",http://incat.su/cgi-sys/suspendedpage.cgi,/mnt/eznfs1/scrap_data_22_bot3/12/Win7_32_IE8_12_5420_20170729_164638/html_200_20170729_164638.txt
0,"<iframe frameborder=""0"" height=""220"" src=""http://abcsystem.ru/banner/468x60.html"" type=""text/html"" width=""568""></iframe>",http://softnews.su,/mnt/eznfs1/scrap_data_22_bot3/12/Win7_32_IE8_12_7721_20170729_165604/html_200_20170729_165604.txt
0,"<iframe height=""1"" src=""http://condor-media.ru"" style=""overflow: hidden;opacity: 0;"" width=""1""></iframe>",http://procat-avto.su,/mnt/eznfs1/scrap_data_22_bot3/12/Win7_32_IE8_12_477_20170729_170641/html_200_20170729_170641.txt
0,"<iframe frameborder=""0"" height=""100%"" src=""http://err.hc.ru/missing/"" width=""100%""></iframe>",http://magichouse.su/cgi-sys/defaultwebpage.cgi,/mnt/eznfs1/scrap_data_22_bot3/12/Win7_32_IE8_12_9767_20170729_170819/html_200_20170729_170819.txt
0,"<iframe frameborder=""0"" height=""100%"" src=""http://err.hc.ru/missing/"" width=""100%""></iframe>",http://biznesplan.su,/mnt/eznfs1/scrap_data_22_bot3/12/Win7_32_IE8_12_9327_20170729_171356/html_200_20170729_171356.txt
0,"<iframe id=""wpt5"" src=""http://wpt5.busterprod.se/ru""></iframe>",http://waterproof.su,/mnt/eznfs1/scrap_data_22_bot3/12/Win7_32_IE8_12_8669_20170729_171714/html_200_20170729_171714.txt
0,"<iframe frameborder=""0"" id=""iframe"" src=""http://findbetterresults.com/?dn=dri.su&amp;pid=9PO755G95""></iframe>",http://dri.su,/mnt/eznfs1/scrap_data_22_bot3/12/Win7_32_IE8_12_1462_20170729_173103/html_200_20170729_173103.txt
0,"<iframe frameborder=""0"" height=""100%"" src=""http://err.hc.ru/missing/"" width=""100%""></iframe>",http://kiitos.su/cgi-sys/defaultwebpage.cgi,/mnt/eznfs1/scrap_data_22_bot3/12/Win7_32_IE8_12_6181_20170729_174104/html_200_20170729_174104.txt
0,"<iframe frameborder=""0"" height=""0"" src=""https://elmonitor.ru/index.php"" width=""0""></iframe>",http://business-investment.su,/mnt/eznfs1/scrap_data_22_bot3/12/Win7_32_IE8_12_7968_20170729_174640/html_200_20170729_174640.txt
0,"<iframe frameborder=""0"" height=""100%"" src=""http://err.hc.ru/missing/"" width=""100%""></iframe>",http://findlove.su/cgi-sys/defaultwebpage.cgi,/mnt/eznfs1/scrap_data_22_bot3/12/Win7_32_IE8_12_9304_20170729_175547/html_200_20170729_175547.txt
0,"<iframe frameborder=""0"" height=""100%"" src=""http://err.hc.ru/new/"" width=""100%""></iframe>",http://aircargo.su,/mnt/eznfs1/scrap_data_22_bot3/12/Win7_32_IE8_12_7097_20170729_181441/html_200_20170729_181441.txt
0,"<iframe frameborder=""0"" height=""100%"" src=""http://err.hc.ru/missing/"" width=""100%""></iframe>",http://audi-pskov.su/cgi-sys/defaultwebpage.cgi,/mnt/eznfs1/scrap_data_22_bot3/12/Win7_32_IE8_12_5955_20170729_184307/html_200_20170729_184307.txt
0,"<iframe frameborder=""0"" height=""100%"" src=""http://err.hc.ru/new/"" width=""100%""></iframe>",http://eurovolt.su,/mnt/eznfs1/scrap_data_22_bot3/12/Win7_32_IE8_12_968_20170729_184559/html_200_20170729_184559.txt
0,"<iframe frameborder=""0"" height=""100%"" src=""http://err.hc.ru/missing/"" width=""100%""></iframe>",http://minigame.su/cgi-sys/defaultwebpage.cgi,/mnt/eznfs1/scrap_data_22_bot3/12/Win7_32_IE8_12_2113_20170729_190047/html_200_20170729_190047.txt
0,"<iframe frameborder=""0"" height=""100%"" src=""http://err.hc.ru/missing/"" width=""100%""></iframe>",http://labrada.su/cgi-sys/defaultwebpage.cgi,/mnt/eznfs1/scrap_data_22_bot3/12/Win7_32_IE8_12_759_20170729_191036/html_200_20170729_191036.txt
0,"<iframe frameborder=""0"" id=""iframe"" src=""http://findbetterresults.com/?dn=apple-iphone.su&amp;pid=9PO755G95""></iframe>",http://apple-iphone.su,/mnt/eznfs1/scrap_data_22_bot3/12/Win7_32_IE8_12_8364_20170729_191545/html_200_20170729_191545.txt
0,"<iframe frameborder=""0"" height=""100%"" src=""http://err.hc.ru/locked/"" width=""100%""></iframe>",http://esterbijoux.su/cgi-sys/suspendedpage.cgi,/mnt/eznfs1/scrap_data_22_bot3/12/Win7_32_IE8_12_2953_20170729_194315/html_200_20170729_194315.txt
0,"<iframe frameborder=""0"" height=""100%"" src=""http://err.hc.ru/new/"" width=""100%""></iframe>",http://promoteam.su,/mnt/eznfs1/scrap_data_22_bot3/12/Win7_32_IE8_12_8003_20170729_195147/html_200_20170729_195147.txt
0,"<iframe frameborder=""0"" height=""100%"" src=""http://err.hc.ru/missing/"" width=""100%""></iframe>",http://stalintex.su/cgi-sys/defaultwebpage.cgi,/mnt/eznfs1/scrap_data_22_bot3/12/Win7_32_IE8_12_314_20170729_195218/html_200_20170729_195218.txt
0,"<iframe frameborder=""0"" height=""100%"" src=""http://err.hc.ru/missing/"" width=""100%""></iframe>",http://audi-arkhangelsk.su/cgi-sys/defaultwebpage.cgi,/mnt/eznfs1/scrap_data_22_bot3/12/Win7_32_IE8_12_2751_20170729_200655/html_200_20170729_200655.txt
0,"<iframe frameborder=""0"" id=""iframe"" scrolling=""no"" src=""http://flickrit.com/slideshowholder.php?height=90&amp;size=big&amp;setId=72157648970746622&amp;trans=1&amp;theme=1&amp;thumbnails=2&amp;transition=0&amp;layoutType=responsive&amp;sort=0"" style=""width:100%; height:100%; position: absolute; top:0; left:0;""></iframe>",http://bluebell.su,/mnt/eznfs1/scrap_data_22_bot3/12/Win7_32_IE8_12_3955_20170729_203957/html_200_20170729_203957.txt
0,"<iframe frameborder=""0"" height=""100%"" src=""http://err.hc.ru/missing/"" width=""100%""></iframe>",http://myshape.su/cgi-sys/defaultwebpage.cgi,/mnt/eznfs1/scrap_data_22_bot3/12/Win7_32_IE8_12_5043_20170729_204316/html_200_20170729_204316.txt
0,"<iframe frameborder=""0"" height=""100%"" hspace=""0"" marginheight=""0"" marginwidth=""0"" scrolling=""no"" src=""http://ru.guysgocrazy.ru/male"" target=""_blank"" vspace=""0"" width=""100%""></iframe>",http://openlive.su,/mnt/eznfs1/scrap_data_22_bot3/12/Win7_32_IE8_12_9226_20170729_205413/html_200_20170729_205413.txt
0,"<iframe frameborder=""0"" height=""100%"" scrolling=""yes"" src=""http://aleksandrkudryashov1.autoweboffice.ru/?r=af&amp;p=952&amp;g=1099&amp;lg=ru"" width=""100%""></iframe>",http://master-vision.su,/mnt/eznfs1/scrap_data_22_bot3/12/Win7_32_IE8_12_1024_20170729_210833/html_200_20170729_210833.txt
0,"<iframe frameborder=""0"" height=""100%"" src=""http://err.hc.ru/missing/"" width=""100%""></iframe>",http://7vetrov.su/cgi-sys/defaultwebpage.cgi,/mnt/eznfs1/scrap_data_22_bot3/12/Win7_32_IE8_12_7592_20170729_211442/html_200_20170729_211442.txt
0,"<iframe src=""http://s.click.aliexpress.com/e/UNjI6Ii"" style=""width: 1px;height: 1px;border: none;""></iframe>",http://mafors.su,/mnt/eznfs1/scrap_data_22_bot3/12/Win7_32_IE8_12_3004_20170729_211625/html_200_20170729_211625.txt
0,"<iframe frameborder=""0"" height=""100%"" src=""http://err.hc.ru/missing/"" width=""100%""></iframe>",http://rukur.su/cgi-sys/defaultwebpage.cgi,/mnt/eznfs1/scrap_data_22_bot3/12/Win7_32_IE8_12_8795_20170729_215402/html_200_20170729_215402.txt
0,"<iframe frameborder=""0"" height=""100%"" src=""http://err.hc.ru/missing/"" width=""100%""></iframe>",http://snowboards.su/cgi-sys/defaultwebpage.cgi,/mnt/eznfs1/scrap_data_22_bot3/12/Win7_32_IE8_12_1658_20170729_215936/html_200_20170729_215936.txt
0,"<iframe frameborder=""0"" height=""100%"" src=""http://err.hc.ru/missing/"" width=""100%""></iframe>",http://audi-kurgan.su/cgi-sys/defaultwebpage.cgi,/mnt/eznfs1/scrap_data_22_bot3/12/Win7_32_IE8_12_3700_20170729_220825/html_200_20170729_220825.txt
0,"<iframe frameborder=""0"" height=""100%"" src=""http://err.hc.ru/missing/"" width=""100%""></iframe>",http://rusintorg.su/cgi-sys/defaultwebpage.cgi,/mnt/eznfs1/scrap_data_22_bot3/12/Win7_32_IE8_12_997_20170729_222017/html_200_20170729_222017.txt
0,"<iframe frameborder=""0"" height=""100%"" src=""http://err.hc.ru/missing/"" width=""100%""></iframe>",http://audi-namoskovskom.su/cgi-sys/defaultwebpage.cgi,/mnt/eznfs1/scrap_data_22_bot3/12/Win7_32_IE8_12_1990_20170729_223051/html_200_20170729_223051.txt
0,"<iframe frameborder=""0"" height=""100%"" src=""http://err.hc.ru/new/"" width=""100%""></iframe>",http://shipspares.su,/mnt/eznfs1/scrap_data_22_bot3/12/Win7_32_IE8_12_10000_20170729_223439/html_200_20170729_223439.txt
0,"<iframe frameborder=""0"" height=""100%"" src=""http://err.hc.ru/missing/"" width=""100%""></iframe>",http://miraj.su/cgi-sys/defaultwebpage.cgi,/mnt/eznfs1/scrap_data_22_bot3/12/Win7_32_IE8_12_8265_20170729_224108/html_200_20170729_224108.txt
0,"<iframe frameborder=""0"" height=""100%"" src=""http://err.hc.ru/missing/"" width=""100%""></iframe>",http://hmcr.su/cgi-sys/defaultwebpage.cgi,/mnt/eznfs1/scrap_data_22_bot3/12/Win7_32_IE8_12_4318_20170729_225001/html_200_20170729_225001.txt
0,"<iframe frameborder=""0"" height=""100%"" src=""http://err.hc.ru/new/"" width=""100%""></iframe>",http://maptravel.su,/mnt/eznfs1/scrap_data_22_bot3/12/Win7_32_IE8_12_8921_20170729_231244/html_200_20170729_231244.txt
0,"<iframe frameborder=""0"" height=""100%"" src=""http://err.hc.ru/missing/"" width=""100%""></iframe>",http://itbs.su/cgi-sys/defaultwebpage.cgi,/mnt/eznfs1/scrap_data_22_bot3/12/Win7_32_IE8_12_7467_20170729_231523/html_200_20170729_231523.txt
0,"<iframe frameborder=""0"" id=""iframe"" src=""http://findbetterresults.com/?dn=fiksiki.su&amp;pid=9PO755G95""></iframe>",http://fiksiki.su,/mnt/eznfs1/scrap_data_22_bot3/12/Win7_32_IE8_12_4073_20170729_232444/html_200_20170729_232444.txt
0,"<iframe frameborder=""0"" height=""100%"" hspace=""0"" marginheight=""0"" marginwidth=""0"" scrolling=""no"" src=""http://guysgocrazy.ru/female"" target=""_blank"" vspace=""0"" width=""100%""></iframe>",http://auto-office.su,/mnt/eznfs1/scrap_data_22_bot3/12/Win7_32_IE8_12_2069_20170729_233827/html_200_20170729_233827.txt
0,"<iframe frameborder=""0"" height=""100%"" src=""http://err.hc.ru/missing/"" width=""100%""></iframe>",http://audi-petrozavodsk.su/cgi-sys/defaultwebpage.cgi,/mnt/eznfs1/scrap_data_22_bot3/12/Win7_32_IE8_12_6604_20170729_234141/html_200_20170729_234141.txt
0,"<iframe frameborder=""0"" height=""100%"" src=""http://err.hc.ru/missing/"" width=""100%""></iframe>",http://audi-yaroslavka.su/cgi-sys/defaultwebpage.cgi,/mnt/eznfs1/scrap_data_22_bot3/12/Win7_32_IE8_12_1685_20170729_234806/html_200_20170729_234806.txt
0,"<iframe frameborder=""0"" id=""iframeId"" name=""iframe"" src=""http://woxt.ru/www.html"" style=""width: 100%; height: 100%; position: fixed; top: 0px; left: 0px; right: 0px; bottom: 0px; z-index: 10000; float: left; clear: both; margin: 0px; ""></iframe>",http://hyundaiclub.su,/mnt/eznfs1/scrap_data_22_bot3/13/Win7_32_IE8_13_9585_20170730_002439/html_200_20170730_002440.txt
0,"<iframe frameborder=""0"" height=""100%"" src=""http://err.hc.ru/missing/"" width=""100%""></iframe>",http://gen87.su/cgi-sys/defaultwebpage.cgi,/mnt/eznfs1/scrap_data_22_bot3/13/Win7_32_IE8_13_3227_20170730_002504/html_200_20170730_002504.txt
0,"<iframe frameborder=""0"" height=""100%"" src=""http://err.hc.ru/missing/"" width=""100%""></iframe>",http://sush.su/cgi-sys/defaultwebpage.cgi,/mnt/eznfs1/scrap_data_22_bot3/13/Win7_32_IE8_13_2722_20170730_004158/html_200_20170730_004158.txt
0,"<iframe frameborder=""0"" height=""100%"" src=""http://err.hc.ru/missing/"" width=""100%""></iframe>",http://ikra.su/cgi-sys/defaultwebpage.cgi,/mnt/eznfs1/scrap_data_22_bot3/13/Win7_32_IE8_13_5085_20170730_013503/html_200_20170730_013503.txt
0,"<iframe frameborder=""0"" height=""100%"" src=""http://err.hc.ru/new/"" width=""100%""></iframe>",http://evpatoriya.su,/mnt/eznfs1/scrap_data_22_bot3/13/Win7_32_IE8_13_3170_20170730_021558/html_200_20170730_021558.txt
0,"<iframe frameborder=""0"" height=""100%"" marginwidth=""0"" scrolling=""auto"" src=""http://fwdssp.com/?dn=referer_detect&amp;pid=5POL4F2O4"" width=""100%""></iframe>",http://mosdveri.su/cgi-sys/suspendedpage.cgi,/mnt/eznfs1/scrap_data_22_bot3/13/Win7_32_IE8_13_4144_20170730_023045/html_200_20170730_023045.txt
0,"<iframe frameborder=""0"" id=""iframe"" src=""http://findbetterresults.com/?dn=ls.su&amp;pid=9PO755G95""></iframe>",http://ls.su,/mnt/eznfs1/scrap_data_22_bot3/13/Win7_32_IE8_13_2183_20170730_024809/html_200_20170730_024809.txt
0,"<iframe frameborder=""0"" id=""iframe"" src=""http://findbetterresults.com/?dn=imgur.su&amp;pid=9PO755G95""></iframe>",http://imgur.su,/mnt/eznfs1/scrap_data_22_bot3/13/Win7_32_IE8_13_3521_20170730_024819/html_200_20170730_024819.txt
0,"<iframe frameborder=""0"" height=""100%"" src=""http://err.hc.ru/new/"" width=""100%""></iframe>",http://www.translog.su/,/mnt/eznfs1/scrap_data_22_bot3/13/Win7_32_IE8_13_8509_20170730_024853/html_200_20170730_024853.txt
0,"<iframe frameborder=""0"" height=""100%"" src=""http://err.hc.ru/missing/"" width=""100%""></iframe>",http://demis.su/cgi-sys/defaultwebpage.cgi,/mnt/eznfs1/scrap_data_22_bot3/13/Win7_32_IE8_13_3454_20170730_025144/html_200_20170730_025144.txt
0,"<iframe frameborder=""0"" height=""100%"" src=""http://err.hc.ru/missing/"" width=""100%""></iframe>",http://clock.su/cgi-sys/defaultwebpage.cgi,/mnt/eznfs1/scrap_data_22_bot3/13/Win7_32_IE8_13_1114_20170730_031733/html_200_20170730_031733.txt
0,"<iframe frameborder=""0"" height=""100%"" src=""http://err.hc.ru/missing/"" width=""100%""></iframe>",http://xn----8sbahjdacx2affpdha8a1aduz.su/cgi-sys/defaultwebpage.cgi,/mnt/eznfs1/scrap_data_22_bot3/13/Win7_32_IE8_13_6133_20170730_032139/html_200_20170730_032139.txt
0,"<iframe frameborder=""0"" height=""100%"" src=""http://err.hc.ru/missing/"" width=""100%""></iframe>",http://audi-sochi.su/cgi-sys/defaultwebpage.cgi,/mnt/eznfs1/scrap_data_22_bot3/13/Win7_32_IE8_13_3690_20170730_032209/html_200_20170730_032209.txt
0,"<iframe frameborder=""0"" height=""100%"" src=""http://err.hc.ru/locked/"" width=""100%""></iframe>",http://it-is.su/cgi-sys/suspendedpage.cgi,/mnt/eznfs1/scrap_data_22_bot3/13/Win7_32_IE8_13_7686_20170730_032734/html_200_20170730_032734.txt
0,"<iframe frameborder=""0"" height=""100%"" src=""http://err.hc.ru/missing/"" width=""100%""></iframe>",http://monster.su/cgi-sys/defaultwebpage.cgi,/mnt/eznfs1/scrap_data_22_bot3/13/Win7_32_IE8_13_2693_20170730_034745/html_200_20170730_034745.txt
0,"<iframe frameborder=""0"" height=""100%"" src=""http://err.hc.ru/missing/"" width=""100%""></iframe>",http://tikhonov.su/cgi-sys/defaultwebpage.cgi,/mnt/eznfs1/scrap_data_22_bot3/13/Win7_32_IE8_13_6156_20170730_043755/html_200_20170730_043755.txt
0,"<iframe frameborder=""0"" height=""100%"" src=""http://err.hc.ru/missing/"" width=""100%""></iframe>",http://bcpost.su/cgi-sys/defaultwebpage.cgi,/mnt/eznfs1/scrap_data_22_bot3/13/Win7_32_IE8_13_6218_20170730_044830/html_200_20170730_044830.txt
0,"<iframe frameborder=""0"" height=""100%"" src=""http://err.hc.ru/missing/"" width=""100%""></iframe>",http://surmash.su/cgi-sys/defaultwebpage.cgi,/mnt/eznfs1/scrap_data_22_bot3/13/Win7_32_IE8_13_5566_20170730_050204/html_200_20170730_050204.txt
0,"<iframe frameborder=""0"" height=""100%"" src=""http://err.hc.ru/missing/"" width=""100%""></iframe>",http://svaz.su,/mnt/eznfs1/scrap_data_22_bot3/13/Win7_32_IE8_13_4731_20170730_050238/html_200_20170730_050238.txt
0,"<iframe frameborder=""0"" height=""100%"" src=""http://err.hc.ru/missing/"" width=""100%""></iframe>",http://audi-saransk.su/cgi-sys/defaultwebpage.cgi,/mnt/eznfs1/scrap_data_22_bot3/13/Win7_32_IE8_13_4139_20170730_052622/html_200_20170730_052622.txt
0,"<iframe frameborder=""0"" height=""100%"" src=""http://err.hc.ru/new/"" width=""100%""></iframe>",http://odas.su,/mnt/eznfs1/scrap_data_22_bot3/13/Win7_32_IE8_13_2855_20170730_052922/html_200_20170730_052922.txt
0,"<iframe height=""90"" src=""http://www.cofr.ru/click/multi3/950x90/general_03_950x90.html"" width=""950""></iframe>",http://osobnyaki.su,/mnt/eznfs1/scrap_data_22_bot3/13/Win7_32_IE8_13_5633_20170730_053259/html_200_20170730_053259.txt
0,"<iframe frameborder=""0"" height=""100%"" src=""http://err.hc.ru/missing/"" width=""100%""></iframe>",http://audi-yaroslavl.su/cgi-sys/defaultwebpage.cgi,/mnt/eznfs1/scrap_data_22_bot3/13/Win7_32_IE8_13_1718_20170730_054228/html_200_20170730_054228.txt
0,"<iframe frameborder=""0"" height=""100%"" src=""http://err.hc.ru/missing/"" width=""100%""></iframe>",http://ecolight-group.su/cgi-sys/defaultwebpage.cgi,/mnt/eznfs1/scrap_data_22_bot3/13/Win7_32_IE8_13_2812_20170730_055226/html_200_20170730_055226.txt
0,"<iframe frameborder=""0"" height=""100%"" src=""http://err.hc.ru/missing/"" width=""100%""></iframe>",http://audi-ntagil.su/cgi-sys/defaultwebpage.cgi,/mnt/eznfs1/scrap_data_22_bot3/13/Win7_32_IE8_13_7595_20170730_055948/html_200_20170730_055948.txt
0,"<iframe frameborder=""0"" height=""100%"" src=""http://err.hc.ru/missing/"" width=""100%""></iframe>",http://ucom.su/cgi-sys/defaultwebpage.cgi,/mnt/eznfs1/scrap_data_22_bot3/13/Win7_32_IE8_13_680_20170730_062626/html_200_20170730_062626.txt
0,"<iframe frameborder=""0"" height=""100%"" src=""http://err.hc.ru/missing/"" width=""100%""></iframe>",http://mirsporta.su/cgi-sys/defaultwebpage.cgi,/mnt/eznfs1/scrap_data_22_bot3/13/Win7_32_IE8_13_9707_20170730_064211/html_200_20170730_064211.txt
0,"<iframe frameborder=""0"" height=""100%"" src=""http://err.hc.ru/missing/"" width=""100%""></iframe>",http://quix.su/cgi-sys/defaultwebpage.cgi,/mnt/eznfs1/scrap_data_22_bot3/13/Win7_32_IE8_13_7520_20170730_064239/html_200_20170730_064239.txt
0,"<iframe frameborder=""0"" height=""100%"" src=""http://err.hc.ru/missing/"" width=""100%""></iframe>",http://rimera.su/cgi-sys/defaultwebpage.cgi,/mnt/eznfs1/scrap_data_22_bot3/13/Win7_32_IE8_13_8986_20170730_070150/html_200_20170730_070150.txt
0,"<iframe frameborder=""0"" height=""100%"" src=""http://err.hc.ru/missing/"" width=""100%""></iframe>",http://you-fermer.su/cgi-sys/defaultwebpage.cgi,/mnt/eznfs1/scrap_data_22_bot3/13/Win7_32_IE8_13_4313_20170730_072923/html_200_20170730_072923.txt
0,"<iframe frameborder=""0"" id=""iframeId"" name=""iframe"" src=""http://woxt.ru/www.html"" style=""width: 100%; height: 100%; position: fixed; top: 0px; left: 0px; right: 0px; bottom: 0px; z-index: 10000; float: left; clear: both; margin: 0px; ""></iframe>",http://newbk.su,/mnt/eznfs1/scrap_data_22_bot3/13/Win7_32_IE8_13_987_20170730_073410/html_200_20170730_073410.txt
0,"<iframe frameborder=""0"" height=""100%"" src=""http://err.hc.ru/missing/"" width=""100%""></iframe>",http://audi-vladivostok.su/cgi-sys/defaultwebpage.cgi,/mnt/eznfs1/scrap_data_22_bot3/13/Win7_32_IE8_13_9905_20170730_073522/html_200_20170730_073522.txt
0,"<iframe frameborder=""0"" height=""100%"" src=""http://err.hc.ru/missing/"" width=""100%""></iframe>",http://atopic.su/cgi-sys/defaultwebpage.cgi,/mnt/eznfs1/scrap_data_22_bot3/13/Win7_32_IE8_13_6649_20170730_073554/html_200_20170730_073554.txt
0,"<iframe frameborder=""0"" height=""100%"" src=""http://err.hc.ru/new/"" width=""100%""></iframe>",http://nmb.su,/mnt/eznfs1/scrap_data_22_bot3/13/Win7_32_IE8_13_1669_20170730_074355/html_200_20170730_074355.txt
0,"<iframe frameborder=""0"" height=""100%"" src=""http://err.hc.ru/missing/"" width=""100%""></iframe>",http://fotometriya.su/cgi-sys/defaultwebpage.cgi,/mnt/eznfs1/scrap_data_22_bot3/13/Win7_32_IE8_13_2007_20170730_080753/html_200_20170730_080753.txt
0,"<iframe frameborder=""0"" id=""iframe"" src=""http://findbetterresults.com/?dn=ringtons.su&amp;pid=9PO755G95""></iframe>",http://ringtons.su,/mnt/eznfs1/scrap_data_22_bot3/13/Win7_32_IE8_13_1275_20170730_082014/html_200_20170730_082014.txt
0,"<iframe frameborder=""0"" height=""100%"" src=""http://err.hc.ru/missing/"" width=""100%""></iframe>",http://audi-murmansk.su/cgi-sys/defaultwebpage.cgi,/mnt/eznfs1/scrap_data_22_bot3/13/Win7_32_IE8_13_966_20170730_083244/html_200_20170730_083244.txt
0,"<iframe frameborder=""0"" height=""100%"" src=""http://err.hc.ru/missing/"" width=""100%""></iframe>",http://xn----7sbaldkaa0a1aydms3i.su/cgi-sys/defaultwebpage.cgi,/mnt/eznfs1/scrap_data_22_bot3/13/Win7_32_IE8_13_7744_20170730_083624/html_200_20170730_083624.txt
0,"<iframe frameborder=""0"" height=""100%"" src=""http://err.hc.ru/missing/"" width=""100%""></iframe>",http://nvx.su/cgi-sys/defaultwebpage.cgi,/mnt/eznfs1/scrap_data_22_bot3/13/Win7_32_IE8_13_1119_20170730_090249/html_200_20170730_090249.txt
0,"<iframe frameborder=""0"" height=""100%"" src=""http://err.hc.ru/missing/"" width=""100%""></iframe>",http://tea.su/cgi-sys/defaultwebpage.cgi,/mnt/eznfs1/scrap_data_22_bot3/13/Win7_32_IE8_13_891_20170730_090509/html_200_20170730_090509.txt
0,"<iframe frameborder=""0"" height=""100%"" src=""http://err.hc.ru/missing/"" width=""100%""></iframe>",http://minigames.su/cgi-sys/defaultwebpage.cgi,/mnt/eznfs1/scrap_data_22_bot3/13/Win7_32_IE8_13_4372_20170730_095203/html_200_20170730_095203.txt
0,"<iframe frameborder=""0"" height=""100%"" src=""http://err.hc.ru/missing/"" width=""100%""></iframe>",http://drugg.su/cgi-sys/defaultwebpage.cgi,/mnt/eznfs1/scrap_data_22_bot3/13/Win7_32_IE8_13_1734_20170730_100106/html_200_20170730_100106.txt
0,"<iframe frameborder=""0"" height=""100%"" src=""http://err.hc.ru/missing/"" width=""100%""></iframe>",http://spezremont.su/cgi-sys/defaultwebpage.cgi,/mnt/eznfs1/scrap_data_22_bot3/13/Win7_32_IE8_13_6606_20170730_100549/html_200_20170730_100549.txt
0,"<iframe frameborder=""0"" height=""100%"" src=""http://err.hc.ru/locked/"" width=""100%""></iframe>",http://amadeus.su/cgi-sys/suspendedpage.cgi,/mnt/eznfs1/scrap_data_22_bot3/13/Win7_32_IE8_13_1836_20170730_103332/html_200_20170730_103332.txt
0,"<iframe frameborder=""0"" height=""100%"" src=""http://err.hc.ru/missing/"" width=""100%""></iframe>",http://audi-abakan.su/cgi-sys/defaultwebpage.cgi,/mnt/eznfs1/scrap_data_22_bot3/13/Win7_32_IE8_13_1607_20170730_111014/html_200_20170730_111014.txt
0,"<iframe frameborder=""0"" height=""100%"" src=""http://err.hc.ru/new/"" width=""100%""></iframe>",http://realcosmetics.su,/mnt/eznfs1/scrap_data_22_bot3/13/Win7_32_IE8_13_2571_20170730_112022/html_200_20170730_112022.txt
0,"<iframe frameborder=""0"" height=""100%"" src=""http://err.hc.ru/missing/"" width=""100%""></iframe>",http://fallenangel.su,/mnt/eznfs1/scrap_data_22_bot3/13/Win7_32_IE8_13_5848_20170730_113118/html_200_20170730_113118.txt
0,"<iframe frameborder=""0"" height=""100%"" src=""http://err.hc.ru/missing/"" width=""100%""></iframe>",http://severstroi.su,/mnt/eznfs1/scrap_data_22_bot3/13/Win7_32_IE8_13_6116_20170730_113259/html_200_20170730_113259.txt
0,"<iframe frameborder=""0"" height=""100%"" src=""http://err.hc.ru/new/"" width=""100%""></iframe>",http://volochkova.su,/mnt/eznfs1/scrap_data_22_bot3/13/Win7_32_IE8_13_6555_20170730_113755/html_200_20170730_113755.txt
0,"<iframe frameborder=""0"" height=""100%"" src=""http://err.hc.ru/missing/"" width=""100%""></iframe>",http://bookcase.su/cgi-sys/defaultwebpage.cgi,/mnt/eznfs1/scrap_data_22_bot3/13/Win7_32_IE8_13_499_20170730_120646/html_200_20170730_120646.txt
0,"<iframe frameborder=""0"" height=""100%"" src=""http://err.hc.ru/missing/"" width=""100%""></iframe>",http://jva.su/cgi-sys/defaultwebpage.cgi,/mnt/eznfs1/scrap_data_22_bot3/13/Win7_32_IE8_13_9896_20170730_121524/html_200_20170730_121524.txt
0,"<iframe frameborder=""0"" id=""iframe"" src=""http://findbetterresults.com/?dn=windows9.su&amp;pid=9PO755G95""></iframe>",http://windows9.su,/mnt/eznfs1/scrap_data_22_bot3/13/Win7_32_IE8_13_4198_20170730_122959/html_200_20170730_122959.txt
0,"<iframe allowtransparency=""true"" frameborder=""0"" height=""54"" scrolling=""no"" src=""https://money.yandex.ru/embed/small.xml?uid=41001405003960&amp;button-text=01&amp;button-size=l&amp;button-color=orange&amp;targets=skay&amp;default-sum=10"" width=""auto""></iframe>",http://skay.su,/mnt/eznfs1/scrap_data_22_bot3/13/Win7_32_IE8_13_9055_20170730_123749/html_200_20170730_123749.txt
0,"<iframe frameborder=""0"" height=""100%"" src=""http://err.hc.ru/missing/"" width=""100%""></iframe>",http://icopy.su/cgi-sys/defaultwebpage.cgi,/mnt/eznfs1/scrap_data_22_bot3/13/Win7_32_IE8_13_3577_20170730_130853/html_200_20170730_130853.txt
0,"<iframe frameborder=""0"" height=""100%"" src=""http://err.hc.ru/missing/"" width=""100%""></iframe>",http://xn----8sbehgjma6bgax8fwd.su,/mnt/eznfs1/scrap_data_22_bot3/13/Win7_32_IE8_13_5533_20170730_132109/html_200_20170730_132109.txt
0,"<iframe frameborder=""0"" id=""iframe"" src=""http://findbetterresults.com/?dn=kidsmoy.su&amp;pid=9PO755G95&amp;_nozc_=1""></iframe>",http://kidsmoy.su,/mnt/eznfs1/scrap_data_22_bot3/13/Win7_32_IE8_13_245_20170730_132418/html_200_20170730_132418.txt
0,"<iframe frameborder=""0"" height=""100%"" src=""http://err.hc.ru/missing/"" width=""100%""></iframe>",http://kazka.su,/mnt/eznfs1/scrap_data_22_bot3/13/Win7_32_IE8_13_8971_20170730_132949/html_200_20170730_132949.txt
0,"<iframe frameborder=""0"" id=""iframe"" src=""http://findbetterresults.com/?dn=brazzers.su&amp;pid=9PO755G95""></iframe>",http://brazzers.su,/mnt/eznfs1/scrap_data_22_bot3/13/Win7_32_IE8_13_9862_20170730_133015/html_200_20170730_133015.txt
0,"<iframe frameborder=""0"" height=""100%"" src=""http://err.hc.ru/missing/"" width=""100%""></iframe>",http://askor.su/cgi-sys/defaultwebpage.cgi,/mnt/eznfs1/scrap_data_22_bot3/13/Win7_32_IE8_13_997_20170730_133037/html_200_20170730_133037.txt
0,"<iframe frameborder=""0"" height=""100%"" src=""http://err.hc.ru/missing/"" width=""100%""></iframe>",http://aleria.su/cgi-sys/defaultwebpage.cgi,/mnt/eznfs1/scrap_data_22_bot3/13/Win7_32_IE8_13_6915_20170730_133427/html_200_20170730_133427.txt
0,"<iframe frameborder=""0"" height=""100%"" src=""http://err.hc.ru/missing/"" width=""100%""></iframe>",http://carders.su/cgi-sys/defaultwebpage.cgi,/mnt/eznfs1/scrap_data_22_bot3/13/Win7_32_IE8_13_2936_20170730_135617/html_200_20170730_135617.txt
0,"<iframe frameborder=""0"" id=""iframe"" src=""http://findbetterresults.com/?dn=online-television.su&amp;pid=9PO755G95""></iframe>",http://ww38.online-television.su/,/mnt/eznfs1/scrap_data_22_bot3/13/Win7_32_IE8_13_5839_20170730_135911/html_200_20170730_135911.txt
0,"<iframe frameborder=""0"" height=""100%"" src=""http://err.hc.ru/missing/"" width=""100%""></iframe>",http://audi-cheboksary.su/cgi-sys/defaultwebpage.cgi,/mnt/eznfs1/scrap_data_22_bot3/13/Win7_32_IE8_13_923_20170730_143105/html_200_20170730_143105.txt
0,"<iframe height=""10"" src=""http://94.136.40.103/counter.php"" style=""visibility: hidden; position: absolute; left: 0px; top: 0px"" width=""10""></iframe>",http://nevskyhotelsgroup.ru/,/mnt/eznfs1/scrap_data_22_bot3/13/Win7_32_IE8_13_5645_20170730_143501/html_200_20170730_143501.txt
0,"<iframe height=""1"" src=""http://trafban.ru/go/3675"" width=""1""></iframe>",http://pornowap.su,/mnt/eznfs1/scrap_data_22_bot3/13/Win7_32_IE8_13_3316_20170730_144142/html_200_20170730_144142.txt
0,"<iframe frameborder=""0"" height=""100%"" src=""http://err.hc.ru/missing/"" width=""100%""></iframe>",http://max-motors.su/cgi-sys/defaultwebpage.cgi,/mnt/eznfs1/scrap_data_22_bot3/13/Win7_32_IE8_13_8877_20170730_144331/html_200_20170730_144331.txt
0,"<iframe frameborder=""0"" id=""iframe"" src=""http://findbetterresults.com/?dn=alibaba.su&amp;pid=9PO755G95""></iframe>",http://alibaba.su,/mnt/eznfs1/scrap_data_22_bot3/13/Win7_32_IE8_13_4071_20170730_145641/html_200_20170730_145641.txt
0,"<iframe frameborder=""0"" height=""100%"" src=""http://err.hc.ru/missing/"" width=""100%""></iframe>",http://internetcasino.su/cgi-sys/defaultwebpage.cgi,/mnt/eznfs1/scrap_data_22_bot3/13/Win7_32_IE8_13_9784_20170730_145730/html_200_20170730_145730.txt
0,"<iframe frameborder=""0"" height=""100%"" src=""http://err.hc.ru/missing/"" width=""100%""></iframe>",http://amosov.su/cgi-sys/defaultwebpage.cgi,/mnt/eznfs1/scrap_data_22_bot3/13/Win7_32_IE8_13_3435_20170730_151412/html_200_20170730_151412.txt
0,"<iframe frameborder=""no"" height=""100%"" seamless="""" src=""http://test2.treeincloud.ru/"" width=""100%""></iframe>",http://prolubov.su,/mnt/eznfs1/scrap_data_22_bot3/13/Win7_32_IE8_13_5875_20170730_152511/html_200_20170730_152511.txt
0,"<iframe frameborder=""0"" height=""100%"" src=""http://err.hc.ru/missing/"" width=""100%""></iframe>",http://bestsolution.su/cgi-sys/defaultwebpage.cgi,/mnt/eznfs1/scrap_data_22_bot3/13/Win7_32_IE8_13_6069_20170730_161219/html_200_20170730_161219.txt
0,"<iframe frameborder=""0"" height=""100%"" src=""http://err.hc.ru/missing/"" width=""100%""></iframe>",http://lera.su/cgi-sys/defaultwebpage.cgi,/mnt/eznfs1/scrap_data_22_bot3/13/Win7_32_IE8_13_2757_20170730_163745/html_200_20170730_163745.txt
0,"<iframe frameborder=""0"" height=""100%"" src=""http://err.hc.ru/missing/"" width=""100%""></iframe>",http://soft4video.su/cgi-sys/defaultwebpage.cgi,/mnt/eznfs1/scrap_data_22_bot3/13/Win7_32_IE8_13_6457_20170730_164728/html_200_20170730_164728.txt
0,"<iframe allowtransparency=""true"" frameborder=""0"" height=""133"" scrolling=""no"" src=""https://money.yandex.ru/embed/donate.xml?account=410011888143003&amp;quickpay=donate&amp;payment-type-choice=on&amp;default-sum=10&amp;targets=%D0%9D%D0%B0+%D1%80%D0%B0%D0%B7%D0%B2%D0%B8%D1%82%D0%B8%D0%B5+%D1%81%D0%B0%D0%B9%D1%82%D0%B0&amp;target-visibility=on&amp;project-name=%D0%91%D0%BE%D0%BB%D1%8C%D1%88%D0%BE%D0%B9+%D0%BA%D0%B0%D1%82%D0%B0%D0%BB%D0%BE%D0%B3+%D0%B7%D0%B0%D0%B2%D0%BE%D0%B4%D0%BE%D0%B2+%D0%B8+%D0%BF%D1%80%D0%B5%D0%B4%D0%BF%D1%80%D0%B8%D1%8F%D1%82%D0%B8%D0%B9+%D0%BC%D0%B8%D1%80%D0%B0&amp;project-site=http%3A%2F%2Fwww.world-factory.ru%2F&amp;button-text=01&amp;successURL=http%3A%2F%2Fwww.world-factory.ru%2Fogromnoe-vam-spasibo.html"" width=""525""></iframe>",http://www.world-factory.ru/,/mnt/eznfs1/scrap_data_22_bot3/13/Win7_32_IE8_13_9513_20170730_165830/html_200_20170730_165830.txt
0,"<iframe frameborder=""0"" height=""100%"" src=""http://err.hc.ru/missing/"" width=""100%""></iframe>",http://tece.su/cgi-sys/defaultwebpage.cgi,/mnt/eznfs1/scrap_data_22_bot3/13/Win7_32_IE8_13_1647_20170730_171110/html_200_20170730_171110.txt
0,"<iframe frameborder=""0"" height=""100%"" src=""http://err.hc.ru/new/"" width=""100%""></iframe>",http://glossar.su,/mnt/eznfs1/scrap_data_22_bot3/13/Win7_32_IE8_13_9490_20170730_172420/html_200_20170730_172420.txt
0,"<iframe frameborder=""0"" height=""100%"" src=""http://err.hc.ru/locked/"" width=""100%""></iframe>",http://travel-agency.su/cgi-sys/suspendedpage.cgi,/mnt/eznfs1/scrap_data_22_bot3/13/Win7_32_IE8_13_4966_20170730_172608/html_200_20170730_172608.txt
0,"<iframe frameborder=""0"" height=""100%"" src=""http://err.hc.ru/locked/"" width=""100%""></iframe>",http://onlineweb.su/cgi-sys/suspendedpage.cgi,/mnt/eznfs1/scrap_data_22_bot3/13/Win7_32_IE8_13_4570_20170730_174050/html_200_20170730_174050.txt
0,"<iframe frameborder=""0"" height=""110"" id=""ifr"" scrolling=""no"" src=""http://exstrim-bog.ru/ifr.php?domain=5-5.su"" width=""800""></iframe>",http://5-5.su,/mnt/eznfs1/scrap_data_22_bot3/13/Win7_32_IE8_13_6528_20170730_174520/html_200_20170730_174520.txt
0,"<iframe frameborder=""0"" height=""100%"" src=""http://err.hc.ru/missing/"" width=""100%""></iframe>",http://maxmotors.su/cgi-sys/defaultwebpage.cgi,/mnt/eznfs1/scrap_data_22_bot3/13/Win7_32_IE8_13_7304_20170730_183114/html_200_20170730_183114.txt
0,"<iframe frameborder=""0"" height=""100%"" src=""http://err.hc.ru/locked/"" width=""100%""></iframe>",http://videotest.su/cgi-sys/suspendedpage.cgi,/mnt/eznfs1/scrap_data_22_bot3/13/Win7_32_IE8_13_8966_20170730_184018/html_200_20170730_184018.txt
0,"<iframe frameborder=""0"" height=""100%"" src=""http://err.hc.ru/missing/"" width=""100%""></iframe>",http://fermers.su/cgi-sys/defaultwebpage.cgi,/mnt/eznfs1/scrap_data_22_bot3/13/Win7_32_IE8_13_3076_20170730_191011/html_200_20170730_191011.txt
0,"<iframe frameborder=""0"" id=""iframe"" src=""http://findbetterresults.com/?dn=mondeo.su&amp;pid=9PO755G95""></iframe>",http://mondeo.su,/mnt/eznfs1/scrap_data_22_bot3/13/Win7_32_IE8_13_1280_20170730_194311/html_200_20170730_194311.txt
0,"<iframe frameborder=""0"" height=""100%"" src=""http://err.hc.ru/new/"" width=""100%""></iframe>",http://ovr.su,/mnt/eznfs1/scrap_data_22_bot3/13/Win7_32_IE8_13_8100_20170730_200003/html_200_20170730_200003.txt
0,"<iframe frameborder=""0"" height=""100%"" src=""http://err.hc.ru/missing/"" width=""100%""></iframe>",http://anpilogov.su,/mnt/eznfs1/scrap_data_22_bot3/13/Win7_32_IE8_13_2021_20170730_201641/html_200_20170730_201641.txt
0,"<iframe frameborder=""0"" height=""100%"" src=""http://err.hc.ru/new/"" width=""100%""></iframe>",http://cig.su,/mnt/eznfs1/scrap_data_22_bot3/13/Win7_32_IE8_13_9473_20170730_203705/html_200_20170730_203705.txt
0,"<iframe frameborder=""0"" height=""100%"" src=""http://err.hc.ru/missing/"" width=""100%""></iframe>",http://audi-tambov.su/cgi-sys/defaultwebpage.cgi,/mnt/eznfs1/scrap_data_22_bot3/13/Win7_32_IE8_13_9882_20170730_211124/html_200_20170730_211124.txt
0,"<iframe frameborder=""0"" height=""8500px"" scrolling=""no"" src=""http://vip-zzakazz.ru/3dlamps-a1/?ref=6525&amp;lnk=1377096"" width=""100%""></iframe>",http://vozne.su,/mnt/eznfs1/scrap_data_22_bot3/13/Win7_32_IE8_13_5146_20170730_212009/html_200_20170730_212009.txt
0,"<iframe frameborder=""0"" height=""100%"" src=""http://err.hc.ru/locked/"" width=""100%""></iframe>",http://mario.su/cgi-sys/suspendedpage.cgi,/mnt/eznfs1/scrap_data_22_bot3/13/Win7_32_IE8_13_6746_20170730_212112/html_200_20170730_212112.txt
0,"<iframe frameborder=""0"" height=""100%"" src=""http://err.hc.ru/locked/"" width=""100%""></iframe>",http://shar-pei.su/cgi-sys/suspendedpage.cgi,/mnt/eznfs1/scrap_data_22_bot3/13/Win7_32_IE8_13_3561_20170730_212132/html_200_20170730_212132.txt
0,"<iframe frameborder=""0"" height=""100%"" src=""http://err.hc.ru/missing/"" width=""100%""></iframe>",http://audi-vostok.su/cgi-sys/defaultwebpage.cgi,/mnt/eznfs1/scrap_data_22_bot3/13/Win7_32_IE8_13_9208_20170730_212602/html_200_20170730_212602.txt
0,"<iframe frameborder=""0"" height=""100%"" src=""http://err.hc.ru/missing/"" width=""100%""></iframe>",http://audi-bryansk.su/cgi-sys/defaultwebpage.cgi,/mnt/eznfs1/scrap_data_22_bot3/13/Win7_32_IE8_13_1436_20170730_212658/html_200_20170730_212658.txt
0,"<iframe frameborder=""0"" height=""100%"" src=""http://land.lptracker.ru/?ref=14037&amp;ip=209.249.157.102user_agent=Mozilla%2F5.0+%28compatible%3B+MSIE+8.0%3B+Windows+NT+6.1%3B+Trident%2F4.0%3B+GTB7.4%3B+InfoPath.2%3B+SV1%3B+.NET+CLR+3.3.69573%3B+WOW64%3B+en-US%29&amp;utm_source=&amp;utm_campaign=&amp;utm_term=&amp;utm_content=&amp;referer="" style=""padding:0px; margin:0px;"" width=""100%""></iframe>",http://crm-lptracker.su,/mnt/eznfs1/scrap_data_22_bot3/13/Win7_32_IE8_13_9673_20170730_212744/html_200_20170730_212744.txt
0,"<iframe frameborder=""0"" height=""100%"" src=""http://err.hc.ru/missing/"" width=""100%""></iframe>",http://avtoline.su/cgi-sys/defaultwebpage.cgi,/mnt/eznfs1/scrap_data_22_bot3/13/Win7_32_IE8_13_6383_20170730_213142/html_200_20170730_213142.txt
0,"<iframe frameborder=""0"" height=""100%"" src=""http://err.hc.ru/missing/"" width=""100%""></iframe>",http://roszdravnadzor.su/cgi-sys/defaultwebpage.cgi,/mnt/eznfs1/scrap_data_22_bot3/13/Win7_32_IE8_13_2185_20170730_214909/html_200_20170730_214909.txt
0,"<iframe frameborder=""0"" height=""100%"" src=""http://err.hc.ru/locked/"" width=""100%""></iframe>",http://prikupi.su/cgi-sys/suspendedpage.cgi,/mnt/eznfs1/scrap_data_22_bot3/13/Win7_32_IE8_13_9687_20170730_215202/html_200_20170730_215202.txt
0,"<iframe frameborder=""0"" height=""100%"" src=""http://err.hc.ru/missing/"" width=""100%""></iframe>",http://ilt.su/cgi-sys/defaultwebpage.cgi,/mnt/eznfs1/scrap_data_22_bot3/13/Win7_32_IE8_13_4987_20170730_224605/html_200_20170730_224605.txt
0,"<iframe frameborder=""0"" id=""iframe"" src=""http://findbetterresults.com/?dn=fxavatrader.com&amp;pid=9PO755G95""></iframe>",http://fxavatrader.com,/mnt/eznfs1/scrap_data_22_bot3/16/Win7_32_IE8_16_8049_20170801_151555/html_200_20170801_151555.txt
0,"<iframe frameborder=""0"" id=""iframe"" src=""http://findbetterresults.com/?dn=welsads.info&amp;pid=9PO755G95""></iframe>",http://welsads.info,/mnt/eznfs1/scrap_data_22_bot3/16/Win7_32_IE8_16_8373_20170801_151624/html_200_20170801_151624.txt
0,"<iframe frameborder=""0"" id=""iframe"" src=""http://findbetterresults.com/?dn=leobenads.info&amp;pid=9PO755G95""></iframe>",http://leobenads.info,/mnt/eznfs1/scrap_data_22_bot3/16/Win7_32_IE8_16_2072_20170801_151630/html_200_20170801_151630.txt
0,"<iframe frameborder=""0"" id=""iframe"" src=""http://findbetterresults.com/?dn=haamburgads.info&amp;pid=9PO755G95""></iframe>",http://haamburgads.info/banners/countryhits,/mnt/eznfs1/scrap_data_22_bot3/17/Win7_32_IE8_17_3912_20170801_162420/html_200_20170801_162420.txt
0,"<iframe frameborder=""0"" id=""iframe"" src=""http://findbetterresults.com/?dn=bruckads.info&amp;pid=9PO755G95""></iframe>",http://bruckads.info/banners/countryhits,/mnt/eznfs1/scrap_data_22_bot3/17/Win7_32_IE8_17_2822_20170801_162438/html_200_20170801_162438.txt
0,"<iframe frameborder=""0"" id=""iframe"" src=""http://findbetterresults.com/?dn=fxavatrader.com&amp;pid=9PO755G95""></iframe>",http://fxavatrader.com/banners/countryhits,/mnt/eznfs1/scrap_data_22_bot3/17/Win7_32_IE8_17_7285_20170801_162503/html_200_20170801_162503.txt
0,"<iframe frameborder=""0"" id=""iframe"" src=""http://findbetterresults.com/?dn=rockhillads.info&amp;pid=9PO755G95""></iframe>",http://rockhillads.info/banners/countryhits,/mnt/eznfs1/scrap_data_22_bot3/17/Win7_32_IE8_17_2981_20170801_162548/html_200_20170801_162548.txt